scheme,n,k,Q,max_abs_err,max_rel_err,payout_type,distribution
gauss,4,4,4,1.025252e+01,4.101007e+00,V1,uniform
gauss,4,4,4,3.858676e+00,3.858676e+00,V2,uniform
tanh_sinh,4,4,4,1.484939e+00,5.939757e-01,V1,uniform
tanh_sinh,4,4,4,2.452958e-01,2.452958e-01,V2,uniform
gauss,4,4,8,1.090974e+00,4.363894e-01,V1,uniform
gauss,4,4,8,6.246812e-03,6.246812e-03,V2,uniform
tanh_sinh,4,4,8,2.426503e+00,9.706013e-01,V1,uniform
tanh_sinh,4,4,8,9.994274e-01,9.994274e-01,V2,uniform
gauss,4,4,16,3.298055e-01,1.319222e-01,V1,uniform
gauss,4,4,16,1.608207e-01,1.608207e-01,V2,uniform
tanh_sinh,4,4,16,1.561645e-01,6.246582e-02,V1,uniform
tanh_sinh,4,4,16,6.557466e-01,6.557466e-01,V2,uniform
gauss,4,4,32,1.290163e-03,5.160654e-04,V1,uniform
gauss,4,4,32,4.310289e-03,4.310289e-03,V2,uniform
tanh_sinh,4,4,32,5.723697e-02,2.289479e-02,V1,uniform
tanh_sinh,4,4,32,8.499221e-04,8.499221e-04,V2,uniform
gauss,4,4,64,7.710639e-08,3.084255e-08,V1,uniform
gauss,4,4,64,3.044002e-07,3.044002e-07,V2,uniform
tanh_sinh,4,4,64,7.957093e-05,3.182837e-05,V1,uniform
tanh_sinh,4,4,64,1.464074e-04,1.464074e-04,V2,uniform
gauss,4,4,128,1.698641e-12,6.794565e-13,V1,uniform
gauss,4,4,128,1.272982e-12,1.272982e-12,V2,uniform
tanh_sinh,4,4,128,3.774758e-12,1.509903e-12,V1,uniform
tanh_sinh,4,4,128,1.480416e-11,1.480416e-11,V2,uniform
gauss,4,4,256,2.216449e-12,8.865797e-13,V1,uniform
gauss,4,4,256,1.662781e-12,1.662781e-12,V2,uniform
tanh_sinh,4,4,256,4.618528e-14,1.847411e-14,V1,uniform
tanh_sinh,4,4,256,3.319567e-14,3.319567e-14,V2,uniform
gauss,4,4,512,2.514433e-12,1.005773e-12,V1,uniform
gauss,4,4,512,1.885048e-12,1.885048e-12,V2,uniform
tanh_sinh,4,4,512,2.842171e-14,1.136868e-14,V1,uniform
tanh_sinh,4,4,512,2.187139e-14,2.187139e-14,V2,uniform
gauss,4,4,1024,2.671197e-12,1.068479e-12,V1,uniform
gauss,4,4,1024,2.002953e-12,2.002953e-12,V2,uniform
tanh_sinh,4,4,1024,3.064216e-14,1.225686e-14,V1,uniform
tanh_sinh,4,4,1024,2.520206e-14,2.520206e-14,V2,uniform
gauss,6,6,4,1.470018e+01,4.200051e+00,V1,uniform
gauss,6,6,4,1.286225e+01,3.858676e+00,V2,uniform
tanh_sinh,6,6,4,1.978293e+00,5.652265e-01,V1,uniform
tanh_sinh,6,6,4,8.176526e-01,2.452958e-01,V2,uniform
gauss,6,6,8,1.395206e+00,3.986304e-01,V1,uniform
gauss,6,6,8,2.082271e-02,6.246812e-03,V2,uniform
tanh_sinh,6,6,8,3.425861e+00,9.788173e-01,V1,uniform
tanh_sinh,6,6,8,3.331425e+00,9.994274e-01,V2,uniform
gauss,6,6,16,5.475389e-01,1.564397e-01,V1,uniform
gauss,6,6,16,5.360689e-01,1.608207e-01,V2,uniform
tanh_sinh,6,6,16,4.805800e-01,1.373086e-01,V1,uniform
tanh_sinh,6,6,16,2.185822e+00,6.557466e-01,V2,uniform
gauss,6,6,32,1.935246e-03,5.529274e-04,V1,uniform
gauss,6,6,32,1.436763e-02,4.310289e-03,V2,uniform
tanh_sinh,6,6,32,1.029525e-01,2.941500e-02,V1,uniform
tanh_sinh,6,6,32,2.833074e-03,8.499221e-04,V2,uniform
gauss,6,6,64,1.251876e-07,3.576790e-08,V1,uniform
gauss,6,6,64,1.014667e-06,3.044002e-07,V2,uniform
tanh_sinh,6,6,64,1.312329e-04,3.749513e-05,V1,uniform
tanh_sinh,6,6,64,4.880245e-04,1.464074e-04,V2,uniform
gauss,6,6,128,2.545963e-12,7.274181e-13,V1,uniform
gauss,6,6,128,4.242828e-12,1.272848e-12,V2,uniform
tanh_sinh,6,6,128,6.283418e-12,1.795262e-12,V1,uniform
tanh_sinh,6,6,128,4.934808e-11,1.480442e-11,V2,uniform
gauss,6,6,256,3.326672e-12,9.504778e-13,V1,uniform
gauss,6,6,256,5.543122e-12,1.662936e-12,V2,uniform
tanh_sinh,6,6,256,6.972201e-14,1.992057e-14,V1,uniform
tanh_sinh,6,6,256,1.127987e-13,3.383960e-14,V2,uniform
gauss,6,6,512,3.771650e-12,1.077614e-12,V1,uniform
gauss,6,6,512,6.284306e-12,1.885292e-12,V2,uniform
tanh_sinh,6,6,512,4.263256e-14,1.218073e-14,V1,uniform
tanh_sinh,6,6,512,7.549517e-14,2.264855e-14,V2,uniform
gauss,6,6,1024,4.007905e-12,1.145116e-12,V1,uniform
gauss,6,6,1024,6.673773e-12,2.002132e-12,V2,uniform
tanh_sinh,6,6,1024,5.151435e-14,1.471839e-14,V1,uniform
tanh_sinh,6,6,1024,8.348877e-14,2.504663e-14,V2,uniform
gauss,8,8,4,1.914784e+01,4.255075e+00,V1,uniform
gauss,8,8,4,2.701073e+01,3.858676e+00,V2,uniform
tanh_sinh,8,8,4,2.471646e+00,5.492547e-01,V1,uniform
tanh_sinh,8,8,4,1.717071e+00,2.452958e-01,V2,uniform
gauss,8,8,8,1.699439e+00,3.776531e-01,V1,uniform
gauss,8,8,8,4.372768e-02,6.246812e-03,V2,uniform
tanh_sinh,8,8,8,4.425218e+00,9.833818e-01,V1,uniform
tanh_sinh,8,8,8,6.995992e+00,9.994274e-01,V2,uniform
gauss,8,8,16,7.652724e-01,1.700605e-01,V1,uniform
gauss,8,8,16,1.125745e+00,1.608207e-01,V2,uniform
tanh_sinh,8,8,16,8.049954e-01,1.788879e-01,V1,uniform
tanh_sinh,8,8,16,4.590226e+00,6.557466e-01,V2,uniform
gauss,8,8,32,2.580328e-03,5.734062e-04,V1,uniform
gauss,8,8,32,3.017203e-02,4.310289e-03,V2,uniform
tanh_sinh,8,8,32,1.486680e-01,3.303734e-02,V1,uniform
tanh_sinh,8,8,32,5.949455e-03,8.499221e-04,V2,uniform
gauss,8,8,64,1.732689e-07,3.850420e-08,V1,uniform
gauss,8,8,64,2.130801e-06,3.044002e-07,V2,uniform
tanh_sinh,8,8,64,1.828950e-04,4.064333e-05,V1,uniform
tanh_sinh,8,8,64,1.024852e-03,1.464074e-04,V2,uniform
gauss,8,8,128,3.394618e-12,7.543595e-13,V1,uniform
gauss,8,8,128,8.910206e-12,1.272887e-12,V2,uniform
tanh_sinh,8,8,128,8.792078e-12,1.953795e-12,V1,uniform
tanh_sinh,8,8,128,1.036327e-10,1.480467e-11,V2,uniform
gauss,8,8,256,4.435563e-12,9.856807e-13,V1,uniform
gauss,8,8,256,1.163691e-11,1.662416e-12,V2,uniform
tanh_sinh,8,8,256,9.059420e-14,2.013204e-14,V1,uniform
tanh_sinh,8,8,256,2.327027e-13,3.324325e-14,V2,uniform
gauss,8,8,512,5.027090e-12,1.117131e-12,V1,uniform
gauss,8,8,512,1.319833e-11,1.885476e-12,V2,uniform
tanh_sinh,8,8,512,5.684342e-14,1.263187e-14,V1,uniform
tanh_sinh,8,8,512,1.545430e-13,2.207758e-14,V2,uniform
gauss,8,8,1024,5.345946e-12,1.187988e-12,V1,uniform
gauss,8,8,1024,1.402434e-11,2.003477e-12,V2,uniform
tanh_sinh,8,8,1024,6.572520e-14,1.460560e-14,V1,uniform
tanh_sinh,8,8,1024,1.687539e-13,2.410770e-14,V2,uniform
gauss,10,10,4,2.359549e+01,4.290090e+00,V1,uniform
gauss,10,10,4,4.630411e+01,3.858676e+00,V2,uniform
tanh_sinh,10,10,4,2.964999e+00,5.390908e-01,V1,uniform
tanh_sinh,10,10,4,2.943550e+00,2.452958e-01,V2,uniform
gauss,10,10,8,2.003672e+00,3.643040e-01,V1,uniform
gauss,10,10,8,7.496174e-02,6.246812e-03,V2,uniform
tanh_sinh,10,10,8,5.424575e+00,9.862864e-01,V1,uniform
tanh_sinh,10,10,8,1.199313e+01,9.994274e-01,V2,uniform
gauss,10,10,16,9.830058e-01,1.787283e-01,V1,uniform
gauss,10,10,16,1.929848e+00,1.608207e-01,V2,uniform
tanh_sinh,10,10,16,1.129411e+00,2.053474e-01,V1,uniform
tanh_sinh,10,10,16,7.868959e+00,6.557466e-01,V2,uniform
gauss,10,10,32,3.225410e-03,5.864383e-04,V1,uniform
gauss,10,10,32,5.172347e-02,4.310289e-03,V2,uniform
tanh_sinh,10,10,32,1.943836e-01,3.534247e-02,V1,uniform
tanh_sinh,10,10,32,1.019907e-02,8.499221e-04,V2,uniform
gauss,10,10,64,2.213501e-07,4.024548e-08,V1,uniform
gauss,10,10,64,3.652802e-06,3.044002e-07,V2,uniform
tanh_sinh,10,10,64,2.345570e-04,4.264672e-05,V1,uniform
tanh_sinh,10,10,64,1.756888e-03,1.464074e-04,V2,uniform
gauss,10,10,128,4.246381e-12,7.720693e-13,V1,uniform
gauss,10,10,128,1.528377e-11,1.273648e-12,V2,uniform
tanh_sinh,10,10,128,1.130029e-11,2.054599e-12,V1,uniform
tanh_sinh,10,10,128,1.776499e-10,1.480416e-11,V2,uniform
gauss,10,10,256,5.544010e-12,1.008002e-12,V1,uniform
gauss,10,10,256,1.995737e-11,1.663114e-12,V2,uniform
tanh_sinh,10,10,256,1.172396e-13,2.131628e-14,V1,uniform
tanh_sinh,10,10,256,4.121148e-13,3.434290e-14,V2,uniform
gauss,10,10,512,6.288303e-12,1.143328e-12,V1,uniform
gauss,10,10,512,2.262546e-11,1.885455e-12,V2,uniform
tanh_sinh,10,10,512,7.371881e-14,1.340342e-14,V1,uniform
tanh_sinh,10,10,512,2.700062e-13,2.250052e-14,V2,uniform
gauss,10,10,1024,6.673773e-12,1.213413e-12,V1,uniform
gauss,10,10,1024,2.404832e-11,2.004027e-12,V2,uniform
tanh_sinh,10,10,1024,8.615331e-14,1.566424e-14,V1,uniform
tanh_sinh,10,10,1024,3.002043e-13,2.501703e-14,V2,uniform
gauss,12,12,4,2.804315e+01,4.314331e+00,V1,uniform
gauss,12,12,4,7.074240e+01,3.858676e+00,V2,uniform
tanh_sinh,12,12,4,3.458353e+00,5.320543e-01,V1,uniform
tanh_sinh,12,12,4,4.497090e+00,2.452958e-01,V2,uniform
gauss,12,12,8,2.307904e+00,3.550622e-01,V1,uniform
gauss,12,12,8,1.145249e-01,6.246812e-03,V2,uniform
tanh_sinh,12,12,8,6.423933e+00,9.882973e-01,V1,uniform
tanh_sinh,12,12,8,1.832284e+01,9.994274e-01,V2,uniform
gauss,12,12,16,1.200739e+00,1.847291e-01,V1,uniform
gauss,12,12,16,2.948379e+00,1.608207e-01,V2,uniform
tanh_sinh,12,12,16,1.453826e+00,2.236656e-01,V1,uniform
tanh_sinh,12,12,16,1.202202e+01,6.557466e-01,V2,uniform
gauss,12,12,32,3.870493e-03,5.954604e-04,V1,uniform
gauss,12,12,32,7.902197e-02,4.310289e-03,V2,uniform
tanh_sinh,12,12,32,2.400991e-01,3.693833e-02,V1,uniform
tanh_sinh,12,12,32,1.558191e-02,8.499221e-04,V2,uniform
gauss,12,12,64,2.694314e-07,4.145098e-08,V1,uniform
gauss,12,12,64,5.580670e-06,3.044002e-07,V2,uniform
tanh_sinh,12,12,64,2.862190e-04,4.403369e-05,V1,uniform
tanh_sinh,12,12,64,2.684135e-03,1.464074e-04,V2,uniform
gauss,12,12,128,5.093703e-12,7.836467e-13,V1,uniform
gauss,12,12,128,2.334133e-11,1.273163e-12,V2,uniform
tanh_sinh,12,12,128,1.380762e-11,2.124249e-12,V1,uniform
tanh_sinh,12,12,128,2.714167e-10,1.480455e-11,V2,uniform
gauss,12,12,256,6.652456e-12,1.023455e-12,V1,uniform
gauss,12,12,256,3.046807e-11,1.661895e-12,V2,uniform
tanh_sinh,12,12,256,1.394440e-13,2.145292e-14,V1,uniform
tanh_sinh,12,12,256,6.252776e-13,3.410605e-14,V2,uniform
gauss,12,12,512,7.542411e-12,1.160371e-12,V1,uniform
gauss,12,12,512,3.456790e-11,1.885522e-12,V2,uniform
tanh_sinh,12,12,512,8.704149e-14,1.339100e-14,V1,uniform
tanh_sinh,12,12,512,4.085621e-13,2.228520e-14,V2,uniform
gauss,12,12,1024,8.000711e-12,1.230879e-12,V1,uniform
gauss,12,12,1024,3.668887e-11,2.001211e-12,V2,uniform
tanh_sinh,12,12,1024,1.039169e-13,1.598721e-14,V1,uniform
tanh_sinh,12,12,1024,4.831691e-13,2.635468e-14,V2,uniform
gauss,14,14,4,3.249081e+01,4.332108e+00,V1,uniform
gauss,14,14,4,1.003256e+02,3.858676e+00,V2,uniform
tanh_sinh,14,14,4,3.951706e+00,5.268942e-01,V1,uniform
tanh_sinh,14,14,4,6.377691e+00,2.452958e-01,V2,uniform
gauss,14,14,8,2.612137e+00,3.482850e-01,V1,uniform
gauss,14,14,8,1.624171e-01,6.246812e-03,V2,uniform
tanh_sinh,14,14,8,7.423290e+00,9.897720e-01,V1,uniform
tanh_sinh,14,14,8,2.598511e+01,9.994274e-01,V2,uniform
gauss,14,14,16,1.418473e+00,1.891297e-01,V1,uniform
gauss,14,14,16,4.181338e+00,1.608207e-01,V2,uniform
tanh_sinh,14,14,16,1.778242e+00,2.370989e-01,V1,uniform
tanh_sinh,14,14,16,1.704941e+01,6.557466e-01,V2,uniform
gauss,14,14,32,4.515575e-03,6.020767e-04,V1,uniform
gauss,14,14,32,1.120675e-01,4.310289e-03,V2,uniform
tanh_sinh,14,14,32,2.858147e-01,3.810862e-02,V1,uniform
tanh_sinh,14,14,32,2.209798e-02,8.499221e-04,V2,uniform
gauss,14,14,64,3.175126e-07,4.233502e-08,V1,uniform
gauss,14,14,64,7.914405e-06,3.044002e-07,V2,uniform
tanh_sinh,14,14,64,3.378810e-04,4.505080e-05,V1,uniform
tanh_sinh,14,14,64,3.806591e-03,1.464074e-04,V2,uniform
gauss,14,14,128,5.939249e-12,7.918999e-13,V1,uniform
gauss,14,14,128,3.307576e-11,1.272145e-12,V2,uniform
tanh_sinh,14,14,128,1.631673e-11,2.175563e-12,V1,uniform
tanh_sinh,14,14,128,3.849365e-10,1.480525e-11,V2,uniform
gauss,14,14,256,7.763568e-12,1.035142e-12,V1,uniform
gauss,14,14,256,4.320455e-11,1.661714e-12,V2,uniform
tanh_sinh,14,14,256,1.634248e-13,2.178998e-14,V1,uniform
tanh_sinh,14,14,256,8.419931e-13,3.238435e-14,V2,uniform
gauss,14,14,512,8.801848e-12,1.173580e-12,V1,uniform
gauss,14,14,512,4.899192e-11,1.884305e-12,V2,uniform
tanh_sinh,14,14,512,1.021405e-13,1.361874e-14,V1,uniform
tanh_sinh,14,14,512,5.435652e-13,2.090635e-14,V2,uniform
gauss,14,14,1024,9.353407e-12,1.247121e-12,V1,uniform
gauss,14,14,1024,5.204370e-11,2.001681e-12,V2,uniform
tanh_sinh,14,14,1024,1.181277e-13,1.575036e-14,V1,uniform
tanh_sinh,14,14,1024,6.608047e-13,2.541557e-14,V2,uniform
gauss,16,16,4,3.693847e+01,4.345703e+00,V1,uniform
gauss,16,16,4,1.350537e+02,3.858676e+00,V2,uniform
tanh_sinh,16,16,4,4.445060e+00,5.229482e-01,V1,uniform
tanh_sinh,16,16,4,8.585353e+00,2.452958e-01,V2,uniform
gauss,16,16,8,2.916370e+00,3.431023e-01,V1,uniform
gauss,16,16,8,2.186384e-01,6.246812e-03,V2,uniform
tanh_sinh,16,16,8,8.422647e+00,9.908997e-01,V1,uniform
tanh_sinh,16,16,8,3.497996e+01,9.994274e-01,V2,uniform
gauss,16,16,16,1.636206e+00,1.924948e-01,V1,uniform
gauss,16,16,16,5.628724e+00,1.608207e-01,V2,uniform
tanh_sinh,16,16,16,2.102657e+00,2.473714e-01,V1,uniform
tanh_sinh,16,16,16,2.295113e+01,6.557466e-01,V2,uniform
gauss,16,16,32,5.160658e-03,6.071362e-04,V1,uniform
gauss,16,16,32,1.508601e-01,4.310289e-03,V2,uniform
tanh_sinh,16,16,32,3.315302e-01,3.900355e-02,V1,uniform
tanh_sinh,16,16,32,2.974727e-02,8.499221e-04,V2,uniform
gauss,16,16,64,3.655939e-07,4.301105e-08,V1,uniform
gauss,16,16,64,1.065401e-05,3.044002e-07,V2,uniform
tanh_sinh,16,16,64,3.895430e-04,4.582859e-05,V1,uniform
tanh_sinh,16,16,64,5.124258e-03,1.464074e-04,V2,uniform
gauss,16,16,128,6.791012e-12,7.989426e-13,V1,uniform
gauss,16,16,128,4.455103e-11,1.272887e-12,V2,uniform
tanh_sinh,16,16,128,1.882405e-11,2.214595e-12,V1,uniform
tanh_sinh,16,16,128,5.181775e-10,1.480507e-11,V2,uniform
gauss,16,16,256,8.872902e-12,1.043871e-12,V1,uniform
gauss,16,16,256,5.818634e-11,1.662467e-12,V2,uniform
tanh_sinh,16,16,256,1.829648e-13,2.152527e-14,V1,uniform
tanh_sinh,16,16,256,1.158185e-12,3.309099e-14,V2,uniform
gauss,16,16,512,1.005951e-11,1.183472e-12,V1,uniform
gauss,16,16,512,6.596679e-11,1.884765e-12,V2,uniform
tanh_sinh,16,16,512,1.172396e-13,1.379289e-14,V1,uniform
tanh_sinh,16,16,512,7.887024e-13,2.253436e-14,V2,uniform
gauss,16,16,1024,1.069189e-11,1.257870e-12,V1,uniform
gauss,16,16,1024,7.013057e-11,2.003731e-12,V2,uniform
tanh_sinh,16,16,1024,1.278977e-13,1.504679e-14,V1,uniform
tanh_sinh,16,16,1024,8.455459e-13,2.415845e-14,V2,uniform
gauss,18,18,4,4.138613e+01,4.356435e+00,V1,uniform
gauss,18,18,4,1.749267e+02,3.858676e+00,V2,uniform
tanh_sinh,18,18,4,4.938413e+00,5.198329e-01,V1,uniform
tanh_sinh,18,18,4,1.112008e+01,2.452958e-01,V2,uniform
gauss,18,18,8,3.220603e+00,3.390108e-01,V1,uniform
gauss,18,18,8,2.831888e-01,6.246812e-03,V2,uniform
tanh_sinh,18,18,8,9.422004e+00,9.917899e-01,V1,uniform
tanh_sinh,18,18,8,4.530738e+01,9.994274e-01,V2,uniform
gauss,18,18,16,1.853940e+00,1.951515e-01,V1,uniform
gauss,18,18,16,7.290538e+00,1.608207e-01,V2,uniform
tanh_sinh,18,18,16,2.427073e+00,2.554813e-01,V1,uniform
tanh_sinh,18,18,16,2.972718e+01,6.557466e-01,V2,uniform
gauss,18,18,32,5.805740e-03,6.111305e-04,V1,uniform
gauss,18,18,32,1.953998e-01,4.310289e-03,V2,uniform
tanh_sinh,18,18,32,3.772457e-01,3.971008e-02,V1,uniform
tanh_sinh,18,18,32,3.852980e-02,8.499221e-04,V2,uniform
gauss,18,18,64,4.136751e-07,4.354475e-08,V1,uniform
gauss,18,18,64,1.379948e-05,3.044002e-07,V2,uniform
tanh_sinh,18,18,64,4.412050e-04,4.644264e-05,V1,uniform
tanh_sinh,18,18,64,6.637134e-03,1.464074e-04,V2,uniform
gauss,18,18,128,7.634782e-12,8.036612e-13,V1,uniform
gauss,18,18,128,5.776712e-11,1.274275e-12,V2,uniform
tanh_sinh,18,18,128,2.133227e-11,2.245502e-12,V1,uniform
tanh_sinh,18,18,128,6.710934e-10,1.480353e-11,V2,uniform
gauss,18,18,256,9.972467e-12,1.049733e-12,V1,uniform
gauss,18,18,256,7.543832e-11,1.664081e-12,V2,uniform
tanh_sinh,18,18,256,2.096101e-13,2.206422e-14,V1,uniform
tanh_sinh,18,18,256,1.556089e-12,3.432548e-14,V2,uniform
gauss,18,18,512,1.129941e-11,1.189411e-12,V1,uniform
gauss,18,18,512,8.553513e-11,1.886804e-12,V2,uniform
tanh_sinh,18,18,512,1.314504e-13,1.383688e-14,V1,uniform
tanh_sinh,18,18,512,1.051603e-12,2.319713e-14,V2,uniform
gauss,18,18,1024,1.200462e-11,1.263644e-12,V1,uniform
gauss,18,18,1024,9.089973e-11,2.005141e-12,V2,uniform
tanh_sinh,18,18,1024,1.527667e-13,1.608070e-14,V1,uniform
tanh_sinh,18,18,1024,1.143974e-12,2.523472e-14,V2,uniform
gauss,20,20,4,4.583379e+01,4.365123e+00,V1,uniform
gauss,20,20,4,2.199445e+02,3.858676e+00,V2,uniform
tanh_sinh,20,20,4,5.431766e+00,5.173111e-01,V1,uniform
tanh_sinh,20,20,4,1.398186e+01,2.452958e-01,V2,uniform
gauss,20,20,8,3.524835e+00,3.356986e-01,V1,uniform
gauss,20,20,8,3.560683e-01,6.246812e-03,V2,uniform
tanh_sinh,20,20,8,1.042136e+01,9.925106e-01,V1,uniform
tanh_sinh,20,20,8,5.696736e+01,9.994274e-01,V2,uniform
gauss,20,20,16,2.071673e+00,1.973022e-01,V1,uniform
gauss,20,20,16,9.166779e+00,1.608207e-01,V2,uniform
tanh_sinh,20,20,16,2.751488e+00,2.620465e-01,V1,uniform
tanh_sinh,20,20,16,3.737755e+01,6.557466e-01,V2,uniform
gauss,20,20,32,6.450822e-03,6.143640e-04,V1,uniform
gauss,20,20,32,2.456865e-01,4.310289e-03,V2,uniform
tanh_sinh,20,20,32,4.229613e-01,4.028203e-02,V1,uniform
tanh_sinh,20,20,32,4.844556e-02,8.499221e-04,V2,uniform
gauss,20,20,64,4.617564e-07,4.397680e-08,V1,uniform
gauss,20,20,64,1.735081e-05,3.044002e-07,V2,uniform
tanh_sinh,20,20,64,4.928671e-04,4.693972e-05,V1,uniform
tanh_sinh,20,20,64,8.345219e-03,1.464074e-04,V2,uniform
gauss,20,20,128,8.485657e-12,8.081578e-13,V1,uniform
gauss,20,20,128,7.269563e-11,1.275362e-12,V2,uniform
tanh_sinh,20,20,128,2.384404e-11,2.270861e-12,V1,uniform
tanh_sinh,20,20,128,8.437340e-10,1.480235e-11,V2,uniform
gauss,20,20,256,1.108802e-11,1.056002e-12,V1,uniform
gauss,20,20,256,9.490009e-11,1.664914e-12,V2,uniform
tanh_sinh,20,20,256,2.415845e-13,2.300805e-14,V1,uniform
tanh_sinh,20,20,256,2.060574e-12,3.615042e-14,V2,uniform
gauss,20,20,512,1.257305e-11,1.197434e-12,V1,uniform
gauss,20,20,512,1.076117e-10,1.887925e-12,V2,uniform
tanh_sinh,20,20,512,1.474376e-13,1.404168e-14,V1,uniform
tanh_sinh,20,20,512,1.413980e-12,2.480667e-14,V2,uniform
gauss,20,20,1024,1.334577e-11,1.271026e-12,V1,uniform
gauss,20,20,1024,1.142908e-10,2.005102e-12,V2,uniform
tanh_sinh,20,20,1024,1.794120e-13,1.708686e-14,V1,uniform
tanh_sinh,20,20,1024,1.598721e-12,2.804774e-14,V2,uniform
gauss,4,4,4,3.999578e+00,9.999695e-01,V1,adversarial
gauss,4,4,4,2.999309e+00,9.999695e-01,V2,adversarial
tanh_sinh,4,4,4,4.726146e+01,1.181625e+01,V1,adversarial
tanh_sinh,4,4,4,3.544313e+01,1.181674e+01,V2,adversarial
gauss,4,4,8,9.245238e+00,2.311483e+00,V1,adversarial
gauss,4,4,8,6.933008e+00,2.311465e+00,V2,adversarial
tanh_sinh,4,4,8,3.923506e+00,9.809502e-01,V1,adversarial
tanh_sinh,4,4,8,2.942255e+00,9.809478e-01,V2,adversarial
gauss,4,4,16,5.734243e-02,1.433668e-02,V1,adversarial
gauss,4,4,16,4.326867e-02,1.442577e-02,V2,adversarial
tanh_sinh,4,4,16,6.253421e+00,1.563473e+00,V1,adversarial
tanh_sinh,4,4,16,4.689773e+00,1.563570e+00,V2,adversarial
gauss,4,4,32,2.067488e-01,5.169109e-02,V1,adversarial
gauss,4,4,32,1.550495e-01,5.169350e-02,V2,adversarial
tanh_sinh,4,4,32,1.186006e+00,2.965238e-01,V1,adversarial
tanh_sinh,4,4,32,8.892808e-01,2.964862e-01,V2,adversarial
gauss,4,4,64,7.151391e-04,1.787982e-04,V1,adversarial
gauss,4,4,64,5.361278e-04,1.787450e-04,V2,adversarial
tanh_sinh,4,4,64,5.456953e-02,1.364341e-02,V1,adversarial
tanh_sinh,4,4,64,4.092414e-02,1.364411e-02,V2,adversarial
gauss,4,4,128,2.123169e-09,5.308321e-10,V1,adversarial
gauss,4,4,128,1.596312e-09,5.322104e-10,V2,adversarial
tanh_sinh,4,4,128,1.560819e-05,3.902340e-06,V1,adversarial
tanh_sinh,4,4,128,1.172560e-05,3.909315e-06,V2,adversarial
gauss,4,4,256,2.009948e-12,5.025246e-13,V1,adversarial
gauss,4,4,256,1.508127e-12,5.028095e-13,V2,adversarial
tanh_sinh,4,4,256,5.613732e-12,1.403538e-12,V1,adversarial
tanh_sinh,4,4,256,4.211742e-12,1.404195e-12,V2,adversarial
gauss,4,4,512,2.315925e-12,5.790247e-13,V1,adversarial
gauss,4,4,512,1.735945e-12,5.787640e-13,V2,adversarial
tanh_sinh,4,4,512,2.869704e-12,7.174799e-13,V1,adversarial
tanh_sinh,4,4,512,2.152944e-12,7.177917e-13,V2,adversarial
gauss,4,4,1024,2.477574e-12,6.194399e-13,V1,adversarial
gauss,4,4,1024,1.857181e-12,6.191842e-13,V2,adversarial
tanh_sinh,4,4,1024,3.896883e-12,9.742938e-13,V1,adversarial
tanh_sinh,4,4,1024,2.922995e-12,9.745266e-13,V2,adversarial
gauss,6,6,4,5.999317e+00,9.999695e-01,V1,adversarial
gauss,6,6,4,9.997696e+00,9.999695e-01,V2,adversarial
tanh_sinh,6,6,4,7.089179e+01,1.181628e+01,V1,adversarial
tanh_sinh,6,6,4,1.181438e+02,1.181674e+01,V2,adversarial
gauss,6,6,8,1.386773e+01,2.311482e+00,V1,adversarial
gauss,6,6,8,2.311003e+01,2.311465e+00,V2,adversarial
tanh_sinh,6,6,8,5.885210e+00,9.809500e-01,V1,adversarial
tanh_sinh,6,6,8,9.807516e+00,9.809478e-01,V2,adversarial
gauss,6,6,16,8.604857e-02,1.434262e-02,V1,adversarial
gauss,6,6,16,1.442289e-01,1.442577e-02,V2,adversarial
tanh_sinh,6,6,16,9.380093e+00,1.563479e+00,V1,adversarial
tanh_sinh,6,6,16,1.563258e+01,1.563570e+00,V2,adversarial
gauss,6,6,32,3.101217e-01,5.169125e-02,V1,adversarial
gauss,6,6,32,5.168317e-01,5.169350e-02,V2,adversarial
tanh_sinh,6,6,32,1.778980e+00,2.965213e-01,V1,adversarial
tanh_sinh,6,6,32,2.964269e+00,2.964862e-01,V2,adversarial
gauss,6,6,64,1.072678e-03,1.787946e-04,V1,adversarial
gauss,6,6,64,1.787093e-03,1.787450e-04,V2,adversarial
tanh_sinh,6,6,64,8.185390e-02,1.364345e-02,V1,adversarial
tanh_sinh,6,6,64,1.364138e-01,1.364411e-02,V2,adversarial
gauss,6,6,128,3.185277e-09,5.309237e-10,V1,adversarial
gauss,6,6,128,5.321029e-09,5.322093e-10,V2,adversarial
tanh_sinh,6,6,128,2.341488e-05,3.902805e-06,V1,adversarial
tanh_sinh,6,6,128,3.908533e-05,3.909315e-06,V2,adversarial
gauss,6,6,256,3.017142e-12,5.028989e-13,V1,adversarial
gauss,6,6,256,5.023537e-12,5.024542e-13,V2,adversarial
tanh_sinh,6,6,256,8.420820e-12,1.403587e-12,V1,adversarial
tanh_sinh,6,6,256,1.403500e-11,1.403780e-12,V2,adversarial
gauss,6,6,512,3.471889e-12,5.786965e-13,V1,adversarial
gauss,6,6,512,5.782042e-12,5.783198e-13,V2,adversarial
tanh_sinh,6,6,512,4.307665e-12,7.180041e-13,V1,adversarial
tanh_sinh,6,6,512,7.171153e-12,7.172587e-13,V2,adversarial
gauss,6,6,1024,3.709921e-12,6.183717e-13,V1,adversarial
gauss,6,6,1024,6.194156e-12,6.195395e-13,V2,adversarial
tanh_sinh,6,6,1024,5.844214e-12,9.741168e-13,V1,adversarial
tanh_sinh,6,6,1024,9.736212e-12,9.738159e-13,V2,adversarial
gauss,8,8,4,7.999056e+00,9.999695e-01,V1,adversarial
gauss,8,8,4,2.099516e+01,9.999695e-01,V2,adversarial
tanh_sinh,8,8,4,9.452212e+01,1.181630e+01,V1,adversarial
tanh_sinh,8,8,4,2.481019e+02,1.181674e+01,V2,adversarial
gauss,8,8,8,1.849023e+01,2.311481e+00,V1,adversarial
gauss,8,8,8,4.853106e+01,2.311465e+00,V2,adversarial
tanh_sinh,8,8,8,7.846913e+00,9.809499e-01,V1,adversarial
tanh_sinh,8,8,8,2.059578e+01,9.809478e-01,V2,adversarial
gauss,8,8,16,1.147547e-01,1.434559e-02,V1,adversarial
gauss,8,8,16,3.028807e-01,1.442577e-02,V2,adversarial
tanh_sinh,8,8,16,1.250676e+01,1.563482e+00,V1,adversarial
tanh_sinh,8,8,16,3.282841e+01,1.563570e+00,V2,adversarial
gauss,8,8,32,4.134945e-01,5.169133e-02,V1,adversarial
gauss,8,8,32,1.085346e+00,5.169350e-02,V2,adversarial
tanh_sinh,8,8,32,2.371953e+00,2.965201e-01,V1,adversarial
tanh_sinh,8,8,32,6.224965e+00,2.964862e-01,V2,adversarial
gauss,8,8,64,1.430218e-03,1.787929e-04,V1,adversarial
gauss,8,8,64,3.752895e-03,1.787450e-04,V2,adversarial
tanh_sinh,8,8,64,1.091383e-01,1.364348e-02,V1,adversarial
tanh_sinh,8,8,64,2.864690e-01,1.364411e-02,V2,adversarial
gauss,8,8,128,4.247390e-09,5.309702e-10,V1,adversarial
gauss,8,8,128,1.117416e-08,5.322094e-10,V2,adversarial
tanh_sinh,8,8,128,3.122157e-05,3.903038e-06,V1,adversarial
tanh_sinh,8,8,128,8.207919e-05,3.909315e-06,V2,adversarial
gauss,8,8,256,4.019007e-12,5.024199e-13,V1,adversarial
gauss,8,8,256,1.054801e-11,5.023865e-13,V2,adversarial
tanh_sinh,8,8,256,1.123102e-11,1.404000e-12,V1,adversarial
tanh_sinh,8,8,256,2.949818e-11,1.404956e-12,V2,adversarial
gauss,8,8,512,4.626521e-12,5.783658e-13,V1,adversarial
gauss,8,8,512,1.213607e-11,5.780237e-13,V2,adversarial
tanh_sinh,8,8,512,5.738521e-12,7.173779e-13,V1,adversarial
tanh_sinh,8,8,512,1.506351e-11,7.174533e-13,V2,adversarial
gauss,8,8,1024,4.949818e-12,6.187814e-13,V1,adversarial
gauss,8,8,1024,1.301004e-11,6.196495e-13,V2,adversarial
tanh_sinh,8,8,1024,7.793766e-12,9.743059e-13,V1,adversarial
tanh_sinh,8,8,1024,2.046008e-11,9.744843e-13,V2,adversarial
gauss,10,10,4,9.998795e+00,9.999695e-01,V1,adversarial
gauss,10,10,4,3.599170e+01,9.999695e-01,V2,adversarial
tanh_sinh,10,10,4,1.181525e+02,1.181631e+01,V1,adversarial
tanh_sinh,10,10,4,4.253175e+02,1.181674e+01,V2,adversarial
gauss,10,10,8,2.311273e+01,2.311481e+00,V1,adversarial
gauss,10,10,8,8.319610e+01,2.311465e+00,V2,adversarial
tanh_sinh,10,10,8,9.808616e+00,9.809499e-01,V1,adversarial
tanh_sinh,10,10,8,3.530706e+01,9.809478e-01,V2,adversarial
gauss,10,10,16,1.434608e-01,1.434738e-02,V1,adversarial
gauss,10,10,16,5.192240e-01,1.442577e-02,V2,adversarial
tanh_sinh,10,10,16,1.563344e+01,1.563484e+00,V1,adversarial
tanh_sinh,10,10,16,5.627727e+01,1.563570e+00,V2,adversarial
gauss,10,10,32,5.168673e-01,5.169138e-02,V1,adversarial
gauss,10,10,32,1.860594e+00,5.169350e-02,V2,adversarial
tanh_sinh,10,10,32,2.964926e+00,2.965193e-01,V1,adversarial
tanh_sinh,10,10,32,1.067137e+01,2.964862e-01,V2,adversarial
gauss,10,10,64,1.787757e-03,1.787918e-04,V1,adversarial
gauss,10,10,64,6.433534e-03,1.787450e-04,V2,adversarial
tanh_sinh,10,10,64,1.364226e-01,1.364349e-02,V1,adversarial
tanh_sinh,10,10,64,4.910896e-01,1.364411e-02,V2,adversarial
gauss,10,10,128,5.309492e-09,5.309969e-10,V1,adversarial
gauss,10,10,128,1.915576e-08,5.322108e-10,V2,adversarial
tanh_sinh,10,10,128,3.902826e-05,3.903177e-06,V1,adversarial
tanh_sinh,10,10,128,1.407072e-04,3.909315e-06,V2,adversarial
gauss,10,10,256,5.027090e-12,5.027542e-13,V1,adversarial
gauss,10,10,256,1.811173e-11,5.032044e-13,V2,adversarial
tanh_sinh,10,10,256,1.403144e-11,1.403271e-12,V1,adversarial
tanh_sinh,10,10,256,5.056222e-11,1.404787e-12,V2,adversarial
gauss,10,10,512,5.782042e-12,5.782562e-13,V1,adversarial
gauss,10,10,512,2.082601e-11,5.786159e-13,V2,adversarial
tanh_sinh,10,10,512,7.172929e-12,7.173574e-13,V1,adversarial
tanh_sinh,10,10,512,2.582823e-11,7.175943e-13,V2,adversarial
gauss,10,10,1024,6.187051e-12,6.187608e-13,V1,adversarial
gauss,10,10,1024,2.226130e-11,6.184932e-13,V2,adversarial
tanh_sinh,10,10,1024,9.732659e-12,9.733535e-13,V1,adversarial
tanh_sinh,10,10,1024,3.508660e-11,9.748227e-13,V2,adversarial
gauss,12,12,4,1.199853e+01,9.999695e-01,V1,adversarial
gauss,12,12,4,5.498733e+01,9.999695e-01,V2,adversarial
tanh_sinh,12,12,4,1.417828e+02,1.181632e+01,V1,adversarial
tanh_sinh,12,12,4,6.497906e+02,1.181674e+01,V2,adversarial
gauss,12,12,8,2.773522e+01,2.311480e+00,V1,adversarial
gauss,12,12,8,1.271052e+02,2.311465e+00,V2,adversarial
tanh_sinh,12,12,8,1.177032e+01,9.809498e-01,V1,adversarial
tanh_sinh,12,12,8,5.394134e+01,9.809478e-01,V2,adversarial
gauss,12,12,16,1.721670e-01,1.434856e-02,V1,adversarial
gauss,12,12,16,7.932589e-01,1.442577e-02,V2,adversarial
tanh_sinh,12,12,16,1.876011e+01,1.563486e+00,V1,adversarial
tanh_sinh,12,12,16,8.597917e+01,1.563570e+00,V2,adversarial
gauss,12,12,32,6.202401e-01,5.169141e-02,V1,adversarial
gauss,12,12,32,2.842574e+00,5.169350e-02,V2,adversarial
tanh_sinh,12,12,32,3.557900e+00,2.965188e-01,V1,adversarial
tanh_sinh,12,12,32,1.630348e+01,2.964862e-01,V2,adversarial
gauss,12,12,64,2.145297e-03,1.787911e-04,V1,adversarial
gauss,12,12,64,9.829010e-03,1.787450e-04,V2,adversarial
tanh_sinh,12,12,64,1.637070e-01,1.364350e-02,V1,adversarial
tanh_sinh,12,12,64,7.502758e-01,1.364411e-02,V2,adversarial
gauss,12,12,128,6.371609e-09,5.310161e-10,V1,adversarial
gauss,12,12,128,2.926576e-08,5.322111e-10,V2,adversarial
tanh_sinh,12,12,128,4.683495e-05,3.903270e-06,V1,adversarial
tanh_sinh,12,12,128,2.149693e-04,3.909315e-06,V2,adversarial
gauss,12,12,256,6.025402e-12,5.021629e-13,V1,adversarial
gauss,12,12,256,2.767564e-11,5.032941e-13,V2,adversarial
tanh_sinh,12,12,256,1.684519e-11,1.403895e-12,V1,adversarial
tanh_sinh,12,12,256,7.727863e-11,1.405347e-12,V2,adversarial
gauss,12,12,512,6.943779e-12,5.787013e-13,V1,adversarial
gauss,12,12,512,3.183942e-11,5.790143e-13,V2,adversarial
tanh_sinh,12,12,512,8.610002e-12,7.175659e-13,V1,adversarial
tanh_sinh,12,12,512,3.949907e-11,7.183086e-13,V2,adversarial
gauss,12,12,1024,7.419843e-12,6.183769e-13,V1,adversarial
gauss,12,12,1024,3.411316e-11,6.203633e-13,V2,adversarial
tanh_sinh,12,12,1024,1.168132e-11,9.735328e-13,V1,adversarial
tanh_sinh,12,12,1024,5.361045e-11,9.749304e-13,V2,adversarial
gauss,14,14,4,1.399827e+01,9.999695e-01,V1,adversarial
gauss,14,14,4,7.798203e+01,9.999695e-01,V2,adversarial
tanh_sinh,14,14,4,1.654131e+02,1.181632e+01,V1,adversarial
tanh_sinh,14,14,4,9.215213e+02,1.181674e+01,V2,adversarial
gauss,14,14,8,3.235772e+01,2.311480e+00,V1,adversarial
gauss,14,14,8,1.802582e+02,2.311465e+00,V2,adversarial
tanh_sinh,14,14,8,1.373202e+01,9.809498e-01,V1,adversarial
tanh_sinh,14,14,8,7.649863e+01,9.809478e-01,V2,adversarial
gauss,14,14,16,2.008731e-01,1.434941e-02,V1,adversarial
gauss,14,14,16,1.124985e+00,1.442577e-02,V2,adversarial
tanh_sinh,14,14,16,2.188678e+01,1.563487e+00,V1,adversarial
tanh_sinh,14,14,16,1.219341e+02,1.563570e+00,V2,adversarial
gauss,14,14,32,7.236129e-01,5.169143e-02,V1,adversarial
gauss,14,14,32,4.031287e+00,5.169350e-02,V2,adversarial
tanh_sinh,14,14,32,4.150873e+00,2.965185e-01,V1,adversarial
tanh_sinh,14,14,32,2.312130e+01,2.964862e-01,V2,adversarial
gauss,14,14,64,2.502836e-03,1.787906e-04,V1,adversarial
gauss,14,14,64,1.393932e-02,1.787450e-04,V2,adversarial
tanh_sinh,14,14,64,1.909914e-01,1.364351e-02,V1,adversarial
tanh_sinh,14,14,64,1.064028e+00,1.364411e-02,V2,adversarial
gauss,14,14,128,7.433709e-09,5.310285e-10,V1,adversarial
gauss,14,14,128,4.150402e-08,5.322093e-10,V2,adversarial
tanh_sinh,14,14,128,5.464164e-05,3.903337e-06,V1,adversarial
tanh_sinh,14,14,128,3.048656e-04,3.909315e-06,V2,adversarial
gauss,14,14,256,7.032597e-12,5.023750e-13,V1,adversarial
gauss,14,14,256,3.917933e-11,5.023995e-13,V2,adversarial
tanh_sinh,14,14,256,1.964828e-11,1.403579e-12,V1,adversarial
tanh_sinh,14,14,256,1.094946e-10,1.404058e-12,V2,adversarial
gauss,14,14,512,8.094858e-12,5.782578e-13,V1,adversarial
gauss,14,14,512,4.506262e-11,5.778414e-13,V2,adversarial
tanh_sinh,14,14,512,1.004175e-11,7.173341e-13,V1,adversarial
tanh_sinh,14,14,512,5.589129e-11,7.166983e-13,V2,adversarial
gauss,14,14,1024,8.666845e-12,6.191178e-13,V1,adversarial
gauss,14,14,1024,4.826006e-11,6.188425e-13,V2,adversarial
tanh_sinh,14,14,1024,1.363354e-11,9.739146e-13,V1,adversarial
tanh_sinh,14,14,1024,7.597123e-11,9.741849e-13,V2,adversarial
gauss,16,16,4,1.599801e+01,9.999695e-01,V1,adversarial
gauss,16,16,4,1.049758e+02,9.999695e-01,V2,adversarial
tanh_sinh,16,16,4,1.890435e+02,1.181632e+01,V1,adversarial
tanh_sinh,16,16,4,1.240509e+03,1.181674e+01,V2,adversarial
gauss,16,16,8,3.698022e+01,2.311480e+00,V1,adversarial
gauss,16,16,8,2.426553e+02,2.311465e+00,V2,adversarial
tanh_sinh,16,16,8,1.569373e+01,9.809498e-01,V1,adversarial
tanh_sinh,16,16,8,1.029789e+02,9.809478e-01,V2,adversarial
gauss,16,16,16,2.295793e-01,1.435005e-02,V1,adversarial
gauss,16,16,16,1.514403e+00,1.442577e-02,V2,adversarial
tanh_sinh,16,16,16,2.501345e+01,1.563487e+00,V1,adversarial
tanh_sinh,16,16,16,1.641420e+02,1.563570e+00,V2,adversarial
gauss,16,16,32,8.269857e-01,5.169145e-02,V1,adversarial
gauss,16,16,32,5.426732e+00,5.169350e-02,V2,adversarial
tanh_sinh,16,16,32,4.743846e+00,2.965182e-01,V1,adversarial
tanh_sinh,16,16,32,3.112483e+01,2.964862e-01,V2,adversarial
gauss,16,16,64,2.860375e-03,1.787902e-04,V1,adversarial
gauss,16,16,64,1.876447e-02,1.787450e-04,V2,adversarial
tanh_sinh,16,16,64,2.182757e-01,1.364351e-02,V1,adversarial
tanh_sinh,16,16,64,1.432345e+00,1.364411e-02,V2,adversarial
gauss,16,16,128,8.495823e-09,5.310387e-10,V1,adversarial
gauss,16,16,128,5.587070e-08,5.322083e-10,V2,adversarial
tanh_sinh,16,16,128,6.244833e-05,3.903387e-06,V1,adversarial
tanh_sinh,16,16,128,4.103959e-04,3.909315e-06,V2,adversarial
gauss,16,16,256,8.029133e-12,5.018679e-13,V1,adversarial
gauss,16,16,256,5.259437e-11,5.009990e-13,V2,adversarial
tanh_sinh,16,16,256,2.245315e-11,1.403453e-12,V1,adversarial
tanh_sinh,16,16,256,1.472671e-10,1.402824e-12,V2,adversarial
gauss,16,16,512,9.253043e-12,5.783694e-13,V1,adversarial
gauss,16,16,512,6.060930e-11,5.773468e-13,V2,adversarial
tanh_sinh,16,16,512,1.147527e-11,7.172713e-13,V1,adversarial
tanh_sinh,16,16,512,7.517542e-11,7.160996e-13,V2,adversarial
gauss,16,16,1024,9.897860e-12,6.186743e-13,V1,adversarial
gauss,16,16,1024,6.492940e-11,6.184989e-13,V2,adversarial
tanh_sinh,16,16,1024,1.558220e-11,9.739789e-13,V1,adversarial
tanh_sinh,16,16,1024,1.022187e-10,9.737059e-13,V2,adversarial
gauss,18,18,4,1.799775e+01,9.999695e-01,V1,adversarial
gauss,18,18,4,1.359687e+02,9.999695e-01,V2,adversarial
tanh_sinh,18,18,4,2.126738e+02,1.181633e+01,V1,adversarial
tanh_sinh,18,18,4,1.606755e+03,1.181674e+01,V2,adversarial
gauss,18,18,8,4.160271e+01,2.311480e+00,V1,adversarial
gauss,18,18,8,3.142964e+02,2.311465e+00,V2,adversarial
tanh_sinh,18,18,8,1.765543e+01,9.809498e-01,V1,adversarial
tanh_sinh,18,18,8,1.333822e+02,9.809478e-01,V2,adversarial
gauss,18,18,16,2.582854e-01,1.435054e-02,V1,adversarial
gauss,18,18,16,1.961513e+00,1.442577e-02,V2,adversarial
tanh_sinh,18,18,16,2.814012e+01,1.563488e+00,V1,adversarial
tanh_sinh,18,18,16,2.126030e+02,1.563570e+00,V2,adversarial
gauss,18,18,32,9.303585e-01,5.169146e-02,V1,adversarial
gauss,18,18,32,7.028911e+00,5.169350e-02,V2,adversarial
tanh_sinh,18,18,32,5.336820e+00,2.965180e-01,V1,adversarial
tanh_sinh,18,18,32,4.031406e+01,2.964862e-01,V2,adversarial
gauss,18,18,64,3.217915e-03,1.787899e-04,V1,adversarial
gauss,18,18,64,2.430446e-02,1.787450e-04,V2,adversarial
tanh_sinh,18,18,64,2.455601e-01,1.364352e-02,V1,adversarial
tanh_sinh,18,18,64,1.855228e+00,1.364411e-02,V2,adversarial
gauss,18,18,128,9.557930e-09,5.310462e-10,V1,adversarial
gauss,18,18,128,7.236585e-08,5.322083e-10,V2,adversarial
tanh_sinh,18,18,128,7.025502e-05,3.903425e-06,V1,adversarial
tanh_sinh,18,18,128,5.315605e-04,3.909315e-06,V2,adversarial
gauss,18,18,256,9.034551e-12,5.019669e-13,V1,adversarial
gauss,18,18,256,6.809842e-11,5.008238e-13,V2,adversarial
tanh_sinh,18,18,256,2.525269e-11,1.403060e-12,V1,adversarial
tanh_sinh,18,18,256,1.907381e-10,1.402766e-12,V2,adversarial
gauss,18,18,512,1.041300e-11,5.785548e-13,V1,adversarial
gauss,18,18,512,7.852918e-11,5.775359e-13,V2,adversarial
tanh_sinh,18,18,512,1.291411e-11,7.175185e-13,V1,adversarial
tanh_sinh,18,18,512,9.740120e-11,7.163285e-13,V2,adversarial
gauss,18,18,1024,1.110223e-11,6.168488e-13,V1,adversarial
gauss,18,18,1024,8.392931e-11,6.172507e-13,V2,adversarial
tanh_sinh,18,18,1024,1.753264e-11,9.741277e-13,V1,adversarial
tanh_sinh,18,18,1024,1.321894e-10,9.721751e-13,V2,adversarial
gauss,20,20,4,1.999749e+01,9.999695e-01,V1,adversarial
gauss,20,20,4,1.709606e+02,9.999695e-01,V2,adversarial
tanh_sinh,20,20,4,2.363041e+02,1.181633e+01,V1,adversarial
tanh_sinh,20,20,4,2.020258e+03,1.181674e+01,V2,adversarial
gauss,20,20,8,4.622521e+01,2.311480e+00,V1,adversarial
gauss,20,20,8,3.951815e+02,2.311465e+00,V2,adversarial
tanh_sinh,20,20,8,1.961713e+01,9.809498e-01,V1,adversarial
tanh_sinh,20,20,8,1.677085e+02,9.809478e-01,V2,adversarial
gauss,20,20,16,2.869915e-01,1.435094e-02,V1,adversarial
gauss,20,20,16,2.466314e+00,1.442577e-02,V2,adversarial
tanh_sinh,20,20,16,3.126679e+01,1.563488e+00,V1,adversarial
tanh_sinh,20,20,16,2.673170e+02,1.563570e+00,V2,adversarial
gauss,20,20,32,1.033731e+00,5.169148e-02,V1,adversarial
gauss,20,20,32,8.837821e+00,5.169350e-02,V2,adversarial
tanh_sinh,20,20,32,5.929793e+00,2.965178e-01,V1,adversarial
tanh_sinh,20,20,32,5.068900e+01,2.964862e-01,V2,adversarial
gauss,20,20,64,3.575454e-03,1.787897e-04,V1,adversarial
gauss,20,20,64,3.055929e-02,1.787450e-04,V2,adversarial
tanh_sinh,20,20,64,2.728445e-01,1.364352e-02,V1,adversarial
tanh_sinh,20,20,64,2.332676e+00,1.364411e-02,V2,adversarial
gauss,20,20,128,1.062003e-08,5.310518e-10,V1,adversarial
gauss,20,20,128,9.098977e-08,5.322104e-10,V2,adversarial
tanh_sinh,20,20,128,7.806171e-05,3.903456e-06,V1,adversarial
tanh_sinh,20,20,128,6.683591e-04,3.909315e-06,V2,adversarial
gauss,20,20,256,1.002931e-11,5.015132e-13,V1,adversarial
gauss,20,20,256,8.597567e-11,5.028823e-13,V2,adversarial
tanh_sinh,20,20,256,2.805933e-11,1.403100e-12,V1,adversarial
tanh_sinh,20,20,256,2.401066e-10,1.404413e-12,V2,adversarial
gauss,20,20,512,1.154632e-11,5.773708e-13,V1,adversarial
gauss,20,20,512,9.904966e-11,5.793536e-13,V2,adversarial
tanh_sinh,20,20,512,1.433520e-11,7.168281e-13,V1,adversarial
tanh_sinh,20,20,512,1.226965e-10,7.176670e-13,V2,adversarial
gauss,20,20,1024,1.237410e-11,6.187639e-13,V1,adversarial
gauss,20,20,1024,1.057003e-10,6.182543e-13,V2,adversarial
tanh_sinh,20,20,1024,1.947598e-11,9.738913e-13,V1,adversarial
tanh_sinh,20,20,1024,1.667786e-10,9.755085e-13,V2,adversarial
gauss,4,4,4,1.203143e+00,6.612789e-01,V1,geometric
gauss,4,4,4,8.666730e-01,4.527869e-01,V2,geometric
tanh_sinh,4,4,4,3.273413e+00,9.921918e-01,V1,geometric
tanh_sinh,4,4,4,1.852491e+00,9.752145e-01,V2,geometric
gauss,4,4,8,6.702790e-01,2.393854e-01,V1,geometric
gauss,4,4,8,3.810433e-01,1.990733e-01,V2,geometric
tanh_sinh,4,4,8,3.594720e+00,1.071274e+00,V1,geometric
tanh_sinh,4,4,8,2.416544e+00,1.262505e+00,V2,geometric
gauss,4,4,16,2.220819e-02,6.618334e-03,V1,geometric
gauss,4,4,16,3.400145e-02,1.776381e-02,V2,geometric
tanh_sinh,4,4,16,3.053956e-01,9.101193e-02,V1,geometric
tanh_sinh,4,4,16,2.778894e-01,1.451813e-01,V2,geometric
gauss,4,4,32,2.029401e-07,6.879717e-08,V1,geometric
gauss,4,4,32,1.682891e-06,8.792137e-07,V2,geometric
tanh_sinh,4,4,32,4.569022e-04,1.361629e-04,V1,geometric
tanh_sinh,4,4,32,1.985375e-04,1.037245e-04,V2,geometric
gauss,4,4,64,1.050715e-12,3.131270e-13,V1,geometric
gauss,4,4,64,7.882583e-13,4.118197e-13,V2,geometric
tanh_sinh,4,4,64,2.116085e-12,7.557447e-13,V1,geometric
tanh_sinh,4,4,64,1.364375e-10,7.128078e-11,V2,geometric
gauss,4,4,128,1.833644e-12,5.464503e-13,V1,geometric
gauss,4,4,128,1.375566e-12,7.186544e-13,V2,geometric
tanh_sinh,4,4,128,1.110223e-15,6.751356e-16,V1,geometric
tanh_sinh,4,4,128,4.440892e-16,3.812464e-16,V2,geometric
gauss,4,4,256,2.352341e-12,7.010286e-13,V1,geometric
gauss,4,4,256,1.763034e-12,9.210841e-13,V2,geometric
tanh_sinh,4,4,256,3.552714e-15,1.058756e-15,V1,geometric
tanh_sinh,4,4,256,2.664535e-15,1.786709e-15,V2,geometric
gauss,4,4,512,2.643219e-12,7.877143e-13,V1,geometric
gauss,4,4,512,1.982636e-12,1.035814e-12,V2,geometric
tanh_sinh,4,4,512,1.776357e-15,6.344132e-16,V1,geometric
tanh_sinh,4,4,512,1.998401e-15,1.044050e-15,V2,geometric
gauss,4,4,1024,2.794209e-12,8.327114e-13,V1,geometric
gauss,4,4,1024,2.097433e-12,1.095789e-12,V2,geometric
tanh_sinh,4,4,1024,3.108624e-15,9.264113e-16,V1,geometric
tanh_sinh,4,4,1024,2.664535e-15,1.818876e-15,V2,geometric
gauss,6,6,4,9.330200e+00,1.771637e+00,V1,geometric
gauss,6,6,4,1.578021e+01,2.140911e+00,V2,geometric
tanh_sinh,6,6,4,4.774510e+00,9.896349e-01,V1,geometric
tanh_sinh,6,6,4,6.551343e+00,9.534930e-01,V2,geometric
gauss,6,6,8,3.966040e+00,7.530795e-01,V1,geometric
gauss,6,6,8,5.523430e+00,7.493668e-01,V2,geometric
tanh_sinh,6,6,8,5.472411e+00,1.181929e+00,V1,geometric
tanh_sinh,6,6,8,4.469700e+00,9.547384e-01,V2,geometric
gauss,6,6,16,3.298390e-01,6.263049e-02,V1,geometric
gauss,6,6,16,5.962116e-01,8.088836e-02,V2,geometric
tanh_sinh,6,6,16,1.143922e+00,2.172102e-01,V1,geometric
tanh_sinh,6,6,16,2.240411e+00,3.039578e-01,V2,geometric
gauss,6,6,32,3.662087e-04,6.953643e-05,V1,geometric
gauss,6,6,32,4.541912e-04,6.162038e-05,V2,geometric
tanh_sinh,6,6,32,2.328367e-02,4.421149e-03,V1,geometric
tanh_sinh,6,6,32,2.367533e-02,3.212045e-03,V2,geometric
gauss,6,6,64,2.517098e-12,5.234999e-13,V1,geometric
gauss,6,6,64,1.041141e-10,1.412521e-11,V2,geometric
tanh_sinh,6,6,64,9.729908e-08,2.101462e-08,V1,geometric
tanh_sinh,6,6,64,2.813751e-07,3.817433e-08,V2,geometric
gauss,6,6,128,2.634337e-12,5.002132e-13,V1,geometric
gauss,6,6,128,4.392042e-12,5.958709e-13,V2,geometric
tanh_sinh,6,6,128,8.881784e-16,2.561702e-16,V1,geometric
tanh_sinh,6,6,128,2.664535e-15,4.936122e-16,V2,geometric
gauss,6,6,256,3.412381e-12,6.479498e-13,V1,geometric
gauss,6,6,256,5.693224e-12,7.724029e-13,V2,geometric
tanh_sinh,6,6,256,2.309264e-14,4.384876e-15,V1,geometric
tanh_sinh,6,6,256,3.819167e-14,5.181486e-15,V2,geometric
gauss,6,6,512,3.854694e-12,7.319370e-13,V1,geometric
gauss,6,6,512,6.424195e-12,8.715741e-13,V2,geometric
tanh_sinh,6,6,512,1.421085e-14,2.698385e-15,V1,geometric
tanh_sinh,6,6,512,2.131628e-14,2.891992e-15,V2,geometric
gauss,6,6,1024,4.086509e-12,7.759544e-13,V1,geometric
gauss,6,6,1024,6.806999e-12,9.235095e-13,V2,geometric
tanh_sinh,6,6,1024,1.776357e-14,3.372982e-15,V1,geometric
tanh_sinh,6,6,1024,2.309264e-14,3.132991e-15,V2,geometric
gauss,8,8,4,2.997149e+01,4.137827e+00,V1,geometric
gauss,8,8,4,7.195913e+01,4.284557e+00,V2,geometric
tanh_sinh,8,8,4,5.277206e+00,9.868666e-01,V1,geometric
tanh_sinh,8,8,4,1.005760e+01,9.184190e-01,V2,geometric
gauss,8,8,8,4.815683e+00,7.314678e-01,V1,geometric
gauss,8,8,8,8.928961e+00,7.248834e-01,V2,geometric
tanh_sinh,8,8,8,7.166873e+00,1.052991e+00,V1,geometric
tanh_sinh,8,8,8,1.670284e+01,9.945126e-01,V2,geometric
gauss,8,8,16,8.395749e-01,1.159107e-01,V1,geometric
gauss,8,8,16,2.588421e+00,1.541186e-01,V2,geometric
tanh_sinh,8,8,16,2.567228e+00,3.898969e-01,V1,geometric
tanh_sinh,8,8,16,3.961517e+00,2.938457e-01,V2,geometric
gauss,8,8,32,1.176477e-02,1.624229e-03,V1,geometric
gauss,8,8,32,2.640070e-02,1.571938e-03,V2,geometric
tanh_sinh,8,8,32,1.516210e-01,2.093260e-02,V1,geometric
tanh_sinh,8,8,32,5.196590e-01,3.094129e-02,V2,geometric
gauss,8,8,64,3.597554e-08,5.463772e-09,V1,geometric
gauss,8,8,64,1.474549e-07,1.093747e-08,V2,geometric
tanh_sinh,8,8,64,4.721799e-05,6.518857e-06,V1,geometric
tanh_sinh,8,8,64,1.528393e-04,9.100287e-06,V2,geometric
gauss,8,8,128,3.369749e-12,4.652234e-13,V1,geometric
gauss,8,8,128,8.853362e-12,5.271428e-13,V2,geometric
tanh_sinh,8,8,128,2.233769e-12,3.083913e-13,V1,geometric
tanh_sinh,8,8,128,1.742606e-12,1.734421e-13,V2,geometric
gauss,8,8,256,4.414247e-12,6.094254e-13,V1,geometric
gauss,8,8,256,1.156764e-11,6.887548e-13,V2,geometric
tanh_sinh,8,8,256,1.190159e-13,1.643119e-14,V1,geometric
tanh_sinh,8,8,256,3.126388e-13,1.861499e-14,V2,geometric
gauss,8,8,512,5.004885e-12,6.909683e-13,V1,geometric
gauss,8,8,512,1.313438e-11,7.820413e-13,V2,geometric
tanh_sinh,8,8,512,7.016610e-14,9.687044e-15,V1,geometric
tanh_sinh,8,8,512,1.847411e-13,1.099977e-14,V2,geometric
gauss,8,8,1024,5.319301e-12,7.343761e-13,V1,geometric
gauss,8,8,1024,1.396927e-11,8.317518e-13,V2,geometric
tanh_sinh,8,8,1024,8.526513e-14,1.177160e-14,V1,geometric
tanh_sinh,8,8,1024,2.273737e-13,1.353818e-14,V2,geometric
gauss,10,10,4,3.954373e+01,4.612732e+00,V1,geometric
gauss,10,10,4,1.123223e+02,4.390490e+00,V2,geometric
tanh_sinh,10,10,4,5.269594e+00,9.840722e-01,V1,geometric
tanh_sinh,10,10,4,1.508974e+01,8.692621e-01,V2,geometric
gauss,10,10,8,5.398406e+00,7.828895e-01,V1,geometric
gauss,10,10,8,1.065563e+01,6.813602e-01,V2,geometric
tanh_sinh,10,10,8,9.227693e+00,1.016629e+00,V1,geometric
tanh_sinh,10,10,8,3.020759e+01,9.993112e-01,V2,geometric
gauss,10,10,16,1.997571e+00,2.330144e-01,V1,geometric
gauss,10,10,16,5.377908e+00,2.102134e-01,V2,geometric
tanh_sinh,10,10,16,6.614253e+00,7.160257e-01,V1,geometric
tanh_sinh,10,10,16,2.097962e+01,6.937079e-01,V2,geometric
gauss,10,10,32,4.084553e-03,4.421731e-04,V1,geometric
gauss,10,10,32,1.152081e-01,3.809450e-03,V2,geometric
tanh_sinh,10,10,32,8.909417e-01,9.644886e-02,V1,geometric
tanh_sinh,10,10,32,2.707617e+00,8.952954e-02,V2,geometric
gauss,10,10,64,1.426879e-06,1.664439e-07,V1,geometric
gauss,10,10,64,1.547108e-05,5.115638e-07,V2,geometric
tanh_sinh,10,10,64,1.492361e-03,1.615555e-04,V1,geometric
tanh_sinh,10,10,64,3.545057e-03,1.385703e-04,V2,geometric
gauss,10,10,128,4.019896e-12,4.351736e-13,V1,geometric
gauss,10,10,128,1.469758e-11,4.859872e-13,V2,geometric
tanh_sinh,10,10,128,6.674854e-09,7.225861e-10,V1,geometric
tanh_sinh,10,10,128,2.115210e-08,6.994113e-10,V2,geometric
gauss,10,10,256,5.341505e-12,5.782444e-13,V1,geometric
gauss,10,10,256,1.925571e-11,6.367055e-13,V2,geometric
tanh_sinh,10,10,256,5.471179e-13,5.922823e-14,V1,geometric
tanh_sinh,10,10,256,1.961098e-12,6.484528e-14,V2,geometric
gauss,10,10,512,6.089351e-12,6.592025e-13,V1,geometric
gauss,10,10,512,2.192735e-11,7.250454e-13,V2,geometric
tanh_sinh,10,10,512,3.943512e-13,4.269048e-14,V1,geometric
tanh_sinh,10,10,512,1.417533e-12,4.687186e-14,V2,geometric
gauss,10,10,1024,6.506795e-12,7.043928e-13,V1,geometric
gauss,10,10,1024,2.338396e-11,7.732095e-13,V2,geometric
tanh_sinh,10,10,1024,4.156675e-13,4.499807e-14,V1,geometric
tanh_sinh,10,10,1024,1.495692e-12,4.945627e-14,V2,geometric
gauss,12,12,4,4.366043e+01,4.468467e+00,V1,geometric
gauss,12,12,4,1.354079e+02,4.221642e+00,V2,geometric
tanh_sinh,12,12,4,4.287968e+01,3.816280e+00,V1,geometric
tanh_sinh,12,12,4,1.969192e+02,4.127854e+00,V2,geometric
gauss,12,12,8,1.421605e+01,1.265224e+00,V1,geometric
gauss,12,12,8,6.496317e+01,1.361769e+00,V2,geometric
tanh_sinh,12,12,8,1.118915e+01,1.007408e+00,V1,geometric
tanh_sinh,12,12,8,4.749030e+01,9.990509e-01,V2,geometric
gauss,12,12,16,4.991377e+00,4.442313e-01,V1,geometric
gauss,12,12,16,2.067978e+01,4.334931e-01,V2,geometric
tanh_sinh,12,12,16,6.691025e+00,6.847991e-01,V1,geometric
tanh_sinh,12,12,16,2.148698e+01,6.130722e-01,V2,geometric
gauss,12,12,32,2.223423e-01,1.978841e-02,V1,geometric
gauss,12,12,32,1.038768e+00,2.177484e-02,V2,geometric
tanh_sinh,12,12,32,2.016696e+00,1.794854e-01,V1,geometric
tanh_sinh,12,12,32,7.765738e+00,1.627867e-01,V2,geometric
gauss,12,12,64,3.566669e-05,3.374393e-06,V1,geometric
gauss,12,12,64,3.311182e-04,6.940957e-06,V2,geometric
tanh_sinh,12,12,64,2.608924e-02,2.321935e-03,V1,geometric
tanh_sinh,12,12,64,1.252179e-01,2.624840e-03,V2,geometric
gauss,12,12,128,5.152323e-11,4.585554e-12,V1,geometric
gauss,12,12,128,2.608402e-10,5.467778e-12,V2,geometric
tanh_sinh,12,12,128,5.062780e-07,4.505861e-08,V1,geometric
tanh_sinh,12,12,128,1.692764e-06,4.058816e-08,V2,geometric
gauss,12,12,256,6.235013e-12,5.549145e-13,V1,geometric
gauss,12,12,256,2.854250e-11,5.983129e-13,V2,geometric
tanh_sinh,12,12,256,2.568612e-12,2.286058e-13,V1,geometric
tanh_sinh,12,12,256,1.183764e-11,2.481427e-13,V2,geometric
gauss,12,12,512,7.132073e-12,6.347526e-13,V1,geometric
gauss,12,12,512,3.270628e-11,6.855947e-13,V2,geometric
tanh_sinh,12,12,512,1.781686e-12,1.585696e-13,V1,geometric
tanh_sinh,12,12,512,8.093082e-12,1.696486e-13,V2,geometric
gauss,12,12,1024,7.595702e-12,6.760155e-13,V1,geometric
gauss,12,12,1024,3.488054e-11,7.311720e-13,V2,geometric
tanh_sinh,12,12,1024,2.009060e-12,1.788058e-13,V1,geometric
tanh_sinh,12,12,1024,9.364953e-12,1.963098e-13,V2,geometric
gauss,14,14,4,4.905881e+01,4.935136e+00,V1,geometric
gauss,14,14,4,1.622493e+02,4.400547e+00,V2,geometric
tanh_sinh,14,14,4,1.472513e+02,1.112538e+01,V1,geometric
tanh_sinh,14,14,4,7.863029e+02,1.136718e+01,V2,geometric
gauss,14,14,8,3.012888e+01,2.276347e+00,V1,geometric
gauss,14,14,8,1.564368e+02,2.261528e+00,V2,geometric
tanh_sinh,14,14,8,1.301714e+01,1.005103e+00,V1,geometric
tanh_sinh,14,14,8,6.795586e+01,9.986986e-01,V2,geometric
gauss,14,14,16,5.162163e+00,4.107034e-01,V1,geometric
gauss,14,14,16,2.222916e+01,3.715662e-01,V2,geometric
tanh_sinh,14,14,16,1.886432e+01,1.425269e+00,V1,geometric
tanh_sinh,14,14,16,1.019364e+02,1.473642e+00,V2,geometric
gauss,14,14,32,5.829690e-01,4.404546e-02,V1,geometric
gauss,14,14,32,3.076503e+00,4.447546e-02,V2,geometric
tanh_sinh,14,14,32,4.256768e+00,3.216145e-01,V1,geometric
tanh_sinh,14,14,32,2.127262e+01,3.075275e-01,V2,geometric
gauss,14,14,64,1.700787e-03,1.285007e-04,V1,geometric
gauss,14,14,64,7.500955e-03,1.084375e-04,V2,geometric
tanh_sinh,14,14,64,1.256708e-01,9.494889e-03,V1,geometric
tanh_sinh,14,14,64,7.069316e-01,1.021975e-02,V2,geometric
gauss,14,14,128,5.516826e-09,4.168165e-10,V1,geometric
gauss,14,14,128,2.045422e-08,2.956964e-10,V2,geometric
tanh_sinh,14,14,128,3.644113e-05,2.753261e-06,V1,geometric
tanh_sinh,14,14,128,8.711070e-05,1.259315e-06,V2,geometric
gauss,14,14,256,7.055689e-12,5.330833e-13,V1,geometric
gauss,14,14,256,3.933565e-11,5.686556e-13,V2,geometric
tanh_sinh,14,14,256,1.418243e-11,1.071535e-12,V1,geometric
tanh_sinh,14,14,256,7.855760e-11,1.135668e-12,V2,geometric
gauss,14,14,512,8.121503e-12,6.136095e-13,V1,geometric
gauss,14,14,512,4.520473e-11,6.535019e-13,V2,geometric
tanh_sinh,14,14,512,8.123280e-12,6.137437e-13,V1,geometric
tanh_sinh,14,14,512,4.556000e-11,6.586379e-13,V2,geometric
gauss,14,14,1024,8.684609e-12,6.561542e-13,V1,geometric
gauss,14,14,1024,4.847323e-11,7.007529e-13,V2,geometric
tanh_sinh,14,14,1024,1.102585e-11,8.330433e-13,V1,geometric
tanh_sinh,14,14,1024,6.188827e-11,8.946875e-13,V2,geometric
gauss,16,16,4,5.422281e+01,4.942805e+00,V1,geometric
gauss,16,16,4,1.943198e+02,4.523321e+00,V2,geometric
tanh_sinh,16,16,4,1.760265e+02,1.208235e+01,V1,geometric
tanh_sinh,16,16,4,9.951352e+02,1.157479e+01,V2,geometric
gauss,16,16,8,3.347518e+01,2.297716e+00,V1,geometric
gauss,16,16,8,1.865576e+02,2.169922e+00,V2,geometric
tanh_sinh,16,16,8,1.423864e+01,1.004535e+00,V1,geometric
tanh_sinh,16,16,8,8.810215e+01,9.982667e-01,V2,geometric
gauss,16,16,16,9.192995e+00,6.033918e-01,V1,geometric
gauss,16,16,16,5.923238e+01,6.258496e-01,V2,geometric
tanh_sinh,16,16,16,2.355602e+01,1.616871e+00,V1,geometric
tanh_sinh,16,16,16,1.302858e+02,1.515403e+00,V2,geometric
gauss,16,16,32,9.894976e-01,6.494671e-02,V1,geometric
gauss,16,16,32,6.455158e+00,6.820523e-02,V2,geometric
tanh_sinh,16,16,32,6.143215e+00,4.032163e-01,V1,geometric
tanh_sinh,16,16,32,3.994851e+01,4.220962e-01,V2,geometric
gauss,16,16,64,6.971794e-03,4.576010e-04,V1,geometric
gauss,16,16,64,3.731487e-02,3.942691e-04,V2,geometric
tanh_sinh,16,16,64,1.561607e-01,1.071878e-02,V1,geometric
tanh_sinh,16,16,64,9.826577e-01,1.142966e-02,V2,geometric
gauss,16,16,128,2.931713e-08,1.924261e-09,V1,geometric
gauss,16,16,128,2.408727e-07,2.545062e-09,V2,geometric
tanh_sinh,16,16,128,5.686126e-04,3.732148e-05,V1,geometric
tanh_sinh,16,16,128,2.682928e-03,2.834783e-05,V2,geometric
gauss,16,16,256,7.847945e-12,5.151080e-13,V1,geometric
gauss,16,16,256,5.152856e-11,5.444510e-13,V2,geometric
tanh_sinh,16,16,256,1.726086e-10,1.132935e-11,V1,geometric
tanh_sinh,16,16,256,9.882513e-10,1.044187e-11,V2,geometric
gauss,16,16,512,9.054091e-12,5.942747e-13,V1,geometric
gauss,16,16,512,5.955769e-11,6.292869e-13,V2,geometric
tanh_sinh,16,16,512,4.075851e-11,2.675227e-12,V1,geometric
tanh_sinh,16,16,512,2.665104e-10,2.815950e-12,V2,geometric
gauss,16,16,1024,9.722001e-12,6.381137e-13,V1,geometric
gauss,16,16,1024,6.384937e-11,6.746328e-13,V2,geometric
tanh_sinh,16,16,1024,5.447021e-11,3.575209e-12,V1,geometric
tanh_sinh,16,16,1024,3.572325e-10,3.774520e-12,V2,geometric
gauss,18,18,4,5.965552e+01,5.426592e+00,V1,geometric
gauss,18,18,4,2.275804e+02,4.889632e+00,V2,geometric
tanh_sinh,18,18,4,1.758583e+02,1.181843e+01,V1,geometric
tanh_sinh,18,18,4,9.923971e+02,1.095468e+01,V2,geometric
gauss,18,18,8,3.454371e+01,2.321485e+00,V1,geometric
gauss,18,18,8,2.025730e+02,2.236123e+00,V2,geometric
tanh_sinh,18,18,8,1.464823e+01,1.004402e+00,V1,geometric
tanh_sinh,18,18,8,9.723030e+01,9.977656e-01,V2,geometric
gauss,18,18,16,1.208180e+01,7.291876e-01,V1,geometric
gauss,18,18,16,8.279935e+01,7.256003e-01,V2,geometric
tanh_sinh,18,18,16,2.327421e+01,1.564127e+00,V1,geometric
tanh_sinh,18,18,16,1.260561e+02,1.391483e+00,V2,geometric
gauss,18,18,32,1.483055e+00,8.950863e-02,V1,geometric
gauss,18,18,32,9.143504e+00,8.012780e-02,V2,geometric
tanh_sinh,18,18,32,7.292248e+00,4.401180e-01,V1,geometric
tanh_sinh,18,18,32,4.431951e+01,3.883877e-01,V2,geometric
gauss,18,18,64,1.296872e-02,7.524417e-04,V1,geometric
gauss,18,18,64,1.028206e-01,8.284372e-04,V2,geometric
tanh_sinh,18,18,64,9.716500e-01,5.637490e-02,V1,geometric
tanh_sinh,18,18,64,6.645103e+00,5.354037e-02,V2,geometric
gauss,18,18,128,2.847477e-07,1.718573e-08,V1,geometric
gauss,18,18,128,2.149899e-06,1.884034e-08,V2,geometric
tanh_sinh,18,18,128,2.784779e-03,1.615722e-04,V1,geometric
tanh_sinh,18,18,128,1.293174e-02,1.041926e-04,V2,geometric
gauss,18,18,256,8.590462e-12,4.984165e-13,V1,geometric
gauss,18,18,256,6.492940e-11,5.231437e-13,V2,geometric
tanh_sinh,18,18,256,1.473361e-08,8.548404e-10,V1,geometric
tanh_sinh,18,18,256,9.794100e-08,7.891221e-10,V2,geometric
gauss,18,18,512,9.961809e-12,5.779818e-13,V1,geometric
gauss,18,18,512,7.548806e-11,6.082161e-13,V2,geometric
tanh_sinh,18,18,512,1.625828e-10,9.433017e-12,V1,geometric
tanh_sinh,18,18,512,1.226184e-09,9.879505e-12,V2,geometric
gauss,18,18,1024,1.071143e-11,6.214747e-13,V1,geometric
gauss,18,18,1024,8.100187e-11,6.526416e-13,V2,geometric
tanh_sinh,18,18,1024,2.199236e-10,1.275992e-11,V1,geometric
tanh_sinh,18,18,1024,1.651159e-09,1.330358e-11,V2,geometric
gauss,20,20,4,6.644036e+01,5.538272e+00,V1,geometric
gauss,20,20,4,2.728534e+02,4.956202e+00,V2,geometric
tanh_sinh,20,20,4,1.757692e+02,1.174211e+01,V1,geometric
tanh_sinh,20,20,4,9.909130e+02,1.076199e+01,V2,geometric
gauss,20,20,8,4.046184e+01,2.538575e+00,V1,geometric
gauss,20,20,8,2.505330e+02,2.374946e+00,V2,geometric
tanh_sinh,20,20,8,1.469703e+01,1.004377e+00,V1,geometric
tanh_sinh,20,20,8,9.824653e+01,9.972092e-01,V2,geometric
gauss,20,20,16,1.445946e+01,8.137535e-01,V1,geometric
gauss,20,20,16,1.025648e+02,7.700896e-01,V2,geometric
tanh_sinh,20,20,16,2.318582e+01,1.548908e+00,V1,geometric
tanh_sinh,20,20,16,1.555916e+02,1.353075e+00,V2,geometric
gauss,20,20,32,1.826327e+00,9.835441e-02,V1,geometric
gauss,20,20,32,1.454744e+01,9.947035e-02,V2,geometric
tanh_sinh,20,20,32,1.195717e+01,6.439373e-01,V1,geometric
tanh_sinh,20,20,32,9.349411e+01,6.392802e-01,V2,geometric
gauss,20,20,64,3.215561e-02,1.731697e-03,V1,geometric
gauss,20,20,64,2.190462e-01,1.497762e-03,V2,geometric
tanh_sinh,20,20,64,9.446372e-01,5.316256e-02,V1,geometric
tanh_sinh,20,20,64,7.204384e+00,4.926107e-02,V2,geometric
gauss,20,20,128,4.979227e-06,2.588561e-07,V1,geometric
gauss,20,20,128,3.594602e-05,2.281059e-07,V2,geometric
tanh_sinh,20,20,128,1.478815e-02,7.687945e-04,V1,geometric
tanh_sinh,20,20,128,1.026012e-01,6.510857e-04,V2,geometric
gauss,20,20,256,9.269030e-12,4.818710e-13,V1,geometric
gauss,20,20,256,7.935341e-11,5.035601e-13,V2,geometric
tanh_sinh,20,20,256,3.498956e-07,1.819010e-08,V1,geometric
tanh_sinh,20,20,256,2.441608e-06,1.549393e-08,V2,geometric
gauss,20,20,512,1.086065e-11,5.646146e-13,V1,geometric
gauss,20,20,512,9.271162e-11,5.883284e-13,V2,geometric
tanh_sinh,20,20,512,7.782859e-10,4.046091e-11,V1,geometric
tanh_sinh,20,20,512,6.659576e-09,4.226027e-11,V2,geometric
gauss,20,20,1024,1.167422e-11,6.069099e-13,V1,geometric
gauss,20,20,1024,9.995915e-11,6.343198e-13,V2,geometric
tanh_sinh,20,20,1024,8.749268e-10,4.548500e-11,V1,geometric
tanh_sinh,20,20,1024,7.471016e-09,4.740950e-11,V2,geometric
gauss,4,4,4,4.000000e+00,1.000000e+00,V1,adv_1e9
gauss,4,4,4,3.000000e+00,1.000000e+00,V2,adv_1e9
tanh_sinh,4,4,4,4.000000e+00,1.000000e+00,V1,adv_1e9
tanh_sinh,4,4,4,3.000000e+00,1.000000e+00,V2,adv_1e9
gauss,4,4,8,3.954437e+00,9.886092e-01,V1,adv_1e9
gauss,4,4,8,2.965828e+00,9.886092e-01,V2,adv_1e9
tanh_sinh,4,4,8,4.000000e+00,1.000000e+00,V1,adv_1e9
tanh_sinh,4,4,8,3.000000e+00,1.000000e+00,V2,adv_1e9
gauss,4,4,16,4.732270e+00,1.183067e+00,V1,adv_1e9
gauss,4,4,16,3.549202e+00,1.183067e+00,V2,adv_1e9
tanh_sinh,4,4,16,1.636933e+01,4.092334e+00,V1,adv_1e9
tanh_sinh,4,4,16,1.227700e+01,4.092334e+00,V2,adv_1e9
gauss,4,4,32,1.112408e+00,2.781019e-01,V1,adv_1e9
gauss,4,4,32,8.343057e-01,2.781019e-01,V2,adv_1e9
tanh_sinh,4,4,32,1.073062e+00,2.682655e-01,V1,adv_1e9
tanh_sinh,4,4,32,8.047964e-01,2.682655e-01,V2,adv_1e9
gauss,4,4,64,3.711315e-02,9.278288e-03,V1,adv_1e9
gauss,4,4,64,2.783486e-02,9.278288e-03,V2,adv_1e9
tanh_sinh,4,4,64,8.524680e-01,2.131170e-01,V1,adv_1e9
tanh_sinh,4,4,64,6.393510e-01,2.131170e-01,V2,adv_1e9
gauss,4,4,128,1.864459e-04,4.661148e-05,V1,adv_1e9
gauss,4,4,128,1.398345e-04,4.661149e-05,V2,adv_1e9
tanh_sinh,4,4,128,9.630384e-02,2.407596e-02,V1,adv_1e9
tanh_sinh,4,4,128,7.222788e-02,2.407596e-02,V2,adv_1e9
gauss,4,4,256,6.153131e-10,1.538283e-10,V1,adv_1e9
gauss,4,4,256,4.614837e-10,1.538279e-10,V2,adv_1e9
tanh_sinh,4,4,256,2.611220e-05,6.528051e-06,V1,adv_1e9
tanh_sinh,4,4,256,1.958415e-05,6.528050e-06,V2,adv_1e9
gauss,4,4,512,1.946443e-12,4.866108e-13,V1,adv_1e9
gauss,4,4,512,1.463718e-12,4.879060e-13,V2,adv_1e9
tanh_sinh,4,4,512,2.356127e-07,5.890318e-08,V1,adv_1e9
tanh_sinh,4,4,512,1.767095e-07,5.890318e-08,V2,adv_1e9
gauss,4,4,1024,2.120526e-12,5.301315e-13,V1,adv_1e9
gauss,4,4,1024,1.588063e-12,5.293543e-13,V2,adv_1e9
tanh_sinh,4,4,1024,3.309589e-07,8.273973e-08,V1,adv_1e9
tanh_sinh,4,4,1024,2.482192e-07,8.273973e-08,V2,adv_1e9
gauss,6,6,4,6.000000e+00,1.000000e+00,V1,adv_1e9
gauss,6,6,4,1.000000e+01,1.000000e+00,V2,adv_1e9
tanh_sinh,6,6,4,6.000000e+00,1.000000e+00,V1,adv_1e9
tanh_sinh,6,6,4,1.000000e+01,1.000000e+00,V2,adv_1e9
gauss,6,6,8,5.931655e+00,9.886092e-01,V1,adv_1e9
gauss,6,6,8,9.886092e+00,9.886092e-01,V2,adv_1e9
tanh_sinh,6,6,8,6.000000e+00,1.000000e+00,V1,adv_1e9
tanh_sinh,6,6,8,1.000000e+01,1.000000e+00,V2,adv_1e9
gauss,6,6,16,7.098405e+00,1.183067e+00,V1,adv_1e9
gauss,6,6,16,1.183067e+01,1.183067e+00,V2,adv_1e9
tanh_sinh,6,6,16,2.455400e+01,4.092334e+00,V1,adv_1e9
tanh_sinh,6,6,16,4.092333e+01,4.092334e+00,V2,adv_1e9
gauss,6,6,32,1.668611e+00,2.781019e-01,V1,adv_1e9
gauss,6,6,32,2.781019e+00,2.781019e-01,V2,adv_1e9
tanh_sinh,6,6,32,1.609593e+00,2.682655e-01,V1,adv_1e9
tanh_sinh,6,6,32,2.682655e+00,2.682655e-01,V2,adv_1e9
gauss,6,6,64,5.566973e-02,9.278288e-03,V1,adv_1e9
gauss,6,6,64,9.278288e-02,9.278288e-03,V2,adv_1e9
tanh_sinh,6,6,64,1.278702e+00,2.131170e-01,V1,adv_1e9
tanh_sinh,6,6,64,2.131170e+00,2.131170e-01,V2,adv_1e9
gauss,6,6,128,2.796689e-04,4.661149e-05,V1,adv_1e9
gauss,6,6,128,4.661149e-04,4.661149e-05,V2,adv_1e9
tanh_sinh,6,6,128,1.444558e-01,2.407596e-02,V1,adv_1e9
tanh_sinh,6,6,128,2.407596e-01,2.407596e-02,V2,adv_1e9
gauss,6,6,256,9.229675e-10,1.538279e-10,V1,adv_1e9
gauss,6,6,256,1.538286e-09,1.538286e-10,V2,adv_1e9
tanh_sinh,6,6,256,3.916831e-05,6.528051e-06,V1,adv_1e9
tanh_sinh,6,6,256,6.528050e-05,6.528050e-06,V2,adv_1e9
gauss,6,6,512,2.924772e-12,4.874619e-13,V1,adv_1e9
gauss,6,6,512,4.876100e-12,4.876100e-13,V2,adv_1e9
tanh_sinh,6,6,512,3.534191e-07,5.890318e-08,V1,adv_1e9
tanh_sinh,6,6,512,5.890318e-07,5.890318e-08,V2,adv_1e9
gauss,6,6,1024,3.169021e-12,5.281701e-13,V1,adv_1e9
gauss,6,6,1024,5.313083e-12,5.313083e-13,V2,adv_1e9
tanh_sinh,6,6,1024,4.964384e-07,8.273973e-08,V1,adv_1e9
tanh_sinh,6,6,1024,8.273973e-07,8.273973e-08,V2,adv_1e9
gauss,8,8,4,8.000000e+00,1.000000e+00,V1,adv_1e9
gauss,8,8,4,2.100000e+01,1.000000e+00,V2,adv_1e9
tanh_sinh,8,8,4,8.000000e+00,1.000000e+00,V1,adv_1e9
tanh_sinh,8,8,4,2.100000e+01,1.000000e+00,V2,adv_1e9
gauss,8,8,8,7.908874e+00,9.886092e-01,V1,adv_1e9
gauss,8,8,8,2.076079e+01,9.886092e-01,V2,adv_1e9
tanh_sinh,8,8,8,8.000000e+00,1.000000e+00,V1,adv_1e9
tanh_sinh,8,8,8,2.100000e+01,1.000000e+00,V2,adv_1e9
gauss,8,8,16,9.464540e+00,1.183067e+00,V1,adv_1e9
gauss,8,8,16,2.484442e+01,1.183067e+00,V2,adv_1e9
tanh_sinh,8,8,16,3.273867e+01,4.092334e+00,V1,adv_1e9
tanh_sinh,8,8,16,8.593900e+01,4.092334e+00,V2,adv_1e9
gauss,8,8,32,2.224815e+00,2.781019e-01,V1,adv_1e9
gauss,8,8,32,5.840140e+00,2.781019e-01,V2,adv_1e9
tanh_sinh,8,8,32,2.146124e+00,2.682655e-01,V1,adv_1e9
tanh_sinh,8,8,32,5.633575e+00,2.682655e-01,V2,adv_1e9
gauss,8,8,64,7.422631e-02,9.278288e-03,V1,adv_1e9
gauss,8,8,64,1.948440e-01,9.278288e-03,V2,adv_1e9
tanh_sinh,8,8,64,1.704936e+00,2.131170e-01,V1,adv_1e9
tanh_sinh,8,8,64,4.475457e+00,2.131170e-01,V2,adv_1e9
gauss,8,8,128,3.728919e-04,4.661149e-05,V1,adv_1e9
gauss,8,8,128,9.788412e-04,4.661149e-05,V2,adv_1e9
tanh_sinh,8,8,128,1.926077e-01,2.407596e-02,V1,adv_1e9
tanh_sinh,8,8,128,5.055951e-01,2.407596e-02,V2,adv_1e9
gauss,8,8,256,1.230625e-09,1.538282e-10,V1,adv_1e9
gauss,8,8,256,3.230376e-09,1.538274e-10,V2,adv_1e9
tanh_sinh,8,8,256,5.222441e-05,6.528051e-06,V1,adv_1e9
tanh_sinh,8,8,256,1.370891e-04,6.528050e-06,V2,adv_1e9
gauss,8,8,512,3.898215e-12,4.872769e-13,V1,adv_1e9
gauss,8,8,512,1.024958e-11,4.880752e-13,V2,adv_1e9
tanh_sinh,8,8,512,4.712254e-07,5.890318e-08,V1,adv_1e9
tanh_sinh,8,8,512,1.236967e-06,5.890318e-08,V2,adv_1e9
gauss,8,8,1024,4.235723e-12,5.294654e-13,V1,adv_1e9
gauss,8,8,1024,1.114842e-11,5.308769e-13,V2,adv_1e9
tanh_sinh,8,8,1024,6.619179e-07,8.273973e-08,V1,adv_1e9
tanh_sinh,8,8,1024,1.737534e-06,8.273973e-08,V2,adv_1e9
gauss,10,10,4,1.000000e+01,1.000000e+00,V1,adv_1e9
gauss,10,10,4,3.600000e+01,1.000000e+00,V2,adv_1e9
tanh_sinh,10,10,4,1.000000e+01,1.000000e+00,V1,adv_1e9
tanh_sinh,10,10,4,3.600000e+01,1.000000e+00,V2,adv_1e9
gauss,10,10,8,9.886092e+00,9.886092e-01,V1,adv_1e9
gauss,10,10,8,3.558993e+01,9.886092e-01,V2,adv_1e9
tanh_sinh,10,10,8,1.000000e+01,1.000000e+00,V1,adv_1e9
tanh_sinh,10,10,8,3.600000e+01,1.000000e+00,V2,adv_1e9
gauss,10,10,16,1.183067e+01,1.183067e+00,V1,adv_1e9
gauss,10,10,16,4.259043e+01,1.183067e+00,V2,adv_1e9
tanh_sinh,10,10,16,4.092334e+01,4.092334e+00,V1,adv_1e9
tanh_sinh,10,10,16,1.473240e+02,4.092334e+00,V2,adv_1e9
gauss,10,10,32,2.781019e+00,2.781019e-01,V1,adv_1e9
gauss,10,10,32,1.001167e+01,2.781019e-01,V2,adv_1e9
tanh_sinh,10,10,32,2.682655e+00,2.682655e-01,V1,adv_1e9
tanh_sinh,10,10,32,9.657557e+00,2.682655e-01,V2,adv_1e9
gauss,10,10,64,9.278288e-02,9.278288e-03,V1,adv_1e9
gauss,10,10,64,3.340184e-01,9.278288e-03,V2,adv_1e9
tanh_sinh,10,10,64,2.131170e+00,2.131170e-01,V1,adv_1e9
tanh_sinh,10,10,64,7.672212e+00,2.131170e-01,V2,adv_1e9
gauss,10,10,128,4.661148e-04,4.661149e-05,V1,adv_1e9
gauss,10,10,128,1.678013e-03,4.661149e-05,V2,adv_1e9
tanh_sinh,10,10,128,2.407596e-01,2.407596e-02,V1,adv_1e9
tanh_sinh,10,10,128,8.667345e-01,2.407596e-02,V2,adv_1e9
gauss,10,10,256,1.538282e-09,1.538282e-10,V1,adv_1e9
gauss,10,10,256,5.537792e-09,1.538276e-10,V2,adv_1e9
tanh_sinh,10,10,256,6.528051e-05,6.528051e-06,V1,adv_1e9
tanh_sinh,10,10,256,2.350098e-04,6.528050e-06,V2,adv_1e9
gauss,10,10,512,4.881429e-12,4.881429e-13,V1,adv_1e9
gauss,10,10,512,1.755751e-11,4.877086e-13,V2,adv_1e9
tanh_sinh,10,10,512,5.890318e-07,5.890318e-08,V1,adv_1e9
tanh_sinh,10,10,512,2.120515e-06,5.890318e-08,V2,adv_1e9
gauss,10,10,1024,5.313083e-12,5.313083e-13,V1,adv_1e9
gauss,10,10,1024,1.908518e-11,5.301438e-13,V2,adv_1e9
tanh_sinh,10,10,1024,8.273973e-07,8.273973e-08,V1,adv_1e9
tanh_sinh,10,10,1024,2.978630e-06,8.273973e-08,V2,adv_1e9
gauss,12,12,4,1.200000e+01,1.000000e+00,V1,adv_1e9
gauss,12,12,4,5.500000e+01,1.000000e+00,V2,adv_1e9
tanh_sinh,12,12,4,1.200000e+01,1.000000e+00,V1,adv_1e9
tanh_sinh,12,12,4,5.500000e+01,1.000000e+00,V2,adv_1e9
gauss,12,12,8,1.186331e+01,9.886092e-01,V1,adv_1e9
gauss,12,12,8,5.437351e+01,9.886092e-01,V2,adv_1e9
tanh_sinh,12,12,8,1.200000e+01,1.000000e+00,V1,adv_1e9
tanh_sinh,12,12,8,5.500000e+01,1.000000e+00,V2,adv_1e9
gauss,12,12,16,1.419681e+01,1.183067e+00,V1,adv_1e9
gauss,12,12,16,6.506871e+01,1.183067e+00,V2,adv_1e9
tanh_sinh,12,12,16,4.910800e+01,4.092334e+00,V1,adv_1e9
tanh_sinh,12,12,16,2.250783e+02,4.092334e+00,V2,adv_1e9
gauss,12,12,32,3.337223e+00,2.781019e-01,V1,adv_1e9
gauss,12,12,32,1.529561e+01,2.781019e-01,V2,adv_1e9
tanh_sinh,12,12,32,3.219186e+00,2.682655e-01,V1,adv_1e9
tanh_sinh,12,12,32,1.475460e+01,2.682655e-01,V2,adv_1e9
gauss,12,12,64,1.113395e-01,9.278288e-03,V1,adv_1e9
gauss,12,12,64,5.103058e-01,9.278288e-03,V2,adv_1e9
tanh_sinh,12,12,64,2.557404e+00,2.131170e-01,V1,adv_1e9
tanh_sinh,12,12,64,1.172143e+01,2.131170e-01,V2,adv_1e9
gauss,12,12,128,5.593378e-04,4.661149e-05,V1,adv_1e9
gauss,12,12,128,2.563632e-03,4.661149e-05,V2,adv_1e9
tanh_sinh,12,12,128,2.889115e-01,2.407596e-02,V1,adv_1e9
tanh_sinh,12,12,128,1.324178e+00,2.407596e-02,V2,adv_1e9
gauss,12,12,256,1.845937e-09,1.538281e-10,V1,adv_1e9
gauss,12,12,256,8.460553e-09,1.538282e-10,V2,adv_1e9
tanh_sinh,12,12,256,7.833661e-05,6.528051e-06,V1,adv_1e9
tanh_sinh,12,12,256,3.590428e-04,6.528050e-06,V2,adv_1e9
gauss,12,12,512,5.849543e-12,4.874619e-13,V1,adv_1e9
gauss,12,12,512,2.678746e-11,4.870447e-13,V2,adv_1e9
tanh_sinh,12,12,512,7.068382e-07,5.890318e-08,V1,adv_1e9
tanh_sinh,12,12,512,3.239675e-06,5.890318e-08,V2,adv_1e9
gauss,12,12,1024,6.346923e-12,5.289102e-13,V1,adv_1e9
gauss,12,12,1024,2.911094e-11,5.292897e-13,V2,adv_1e9
tanh_sinh,12,12,1024,9.928768e-07,8.273973e-08,V1,adv_1e9
tanh_sinh,12,12,1024,4.550685e-06,8.273973e-08,V2,adv_1e9
gauss,14,14,4,1.400000e+01,1.000000e+00,V1,adv_1e9
gauss,14,14,4,7.800000e+01,1.000000e+00,V2,adv_1e9
tanh_sinh,14,14,4,1.400000e+01,1.000000e+00,V1,adv_1e9
tanh_sinh,14,14,4,7.800000e+01,1.000000e+00,V2,adv_1e9
gauss,14,14,8,1.384053e+01,9.886092e-01,V1,adv_1e9
gauss,14,14,8,7.711152e+01,9.886092e-01,V2,adv_1e9
tanh_sinh,14,14,8,1.400000e+01,1.000000e+00,V1,adv_1e9
tanh_sinh,14,14,8,7.800000e+01,1.000000e+00,V2,adv_1e9
gauss,14,14,16,1.656294e+01,1.183067e+00,V1,adv_1e9
gauss,14,14,16,9.227926e+01,1.183067e+00,V2,adv_1e9
tanh_sinh,14,14,16,5.729267e+01,4.092334e+00,V1,adv_1e9
tanh_sinh,14,14,16,3.192020e+02,4.092334e+00,V2,adv_1e9
gauss,14,14,32,3.893427e+00,2.781019e-01,V1,adv_1e9
gauss,14,14,32,2.169195e+01,2.781019e-01,V2,adv_1e9
tanh_sinh,14,14,32,3.755717e+00,2.682655e-01,V1,adv_1e9
tanh_sinh,14,14,32,2.092471e+01,2.682655e-01,V2,adv_1e9
gauss,14,14,64,1.298960e-01,9.278288e-03,V1,adv_1e9
gauss,14,14,64,7.237065e-01,9.278288e-03,V2,adv_1e9
tanh_sinh,14,14,64,2.983638e+00,2.131170e-01,V1,adv_1e9
tanh_sinh,14,14,64,1.662313e+01,2.131170e-01,V2,adv_1e9
gauss,14,14,128,6.525608e-04,4.661149e-05,V1,adv_1e9
gauss,14,14,128,3.635696e-03,4.661149e-05,V2,adv_1e9
tanh_sinh,14,14,128,3.370634e-01,2.407596e-02,V1,adv_1e9
tanh_sinh,14,14,128,1.877925e+00,2.407596e-02,V2,adv_1e9
gauss,14,14,256,2.153591e-09,1.538279e-10,V1,adv_1e9
gauss,14,14,256,1.199847e-08,1.538265e-10,V2,adv_1e9
tanh_sinh,14,14,256,9.139272e-05,6.528051e-06,V1,adv_1e9
tanh_sinh,14,14,256,5.091879e-04,6.528050e-06,V2,adv_1e9
gauss,14,14,512,6.819434e-12,4.871024e-13,V1,adv_1e9
gauss,14,14,512,3.814193e-11,4.889992e-13,V2,adv_1e9
tanh_sinh,14,14,512,8.246445e-07,5.890318e-08,V1,adv_1e9
tanh_sinh,14,14,512,4.594448e-06,5.890318e-08,V2,adv_1e9
gauss,14,14,1024,7.421619e-12,5.301156e-13,V1,adv_1e9
gauss,14,14,1024,4.145306e-11,5.314495e-13,V2,adv_1e9
tanh_sinh,14,14,1024,1.158356e-06,8.273973e-08,V1,adv_1e9
tanh_sinh,14,14,1024,6.453699e-06,8.273974e-08,V2,adv_1e9
gauss,16,16,4,1.600000e+01,1.000000e+00,V1,adv_1e9
gauss,16,16,4,1.050000e+02,1.000000e+00,V2,adv_1e9
tanh_sinh,16,16,4,1.600000e+01,1.000000e+00,V1,adv_1e9
tanh_sinh,16,16,4,1.050000e+02,1.000000e+00,V2,adv_1e9
gauss,16,16,8,1.581775e+01,9.886092e-01,V1,adv_1e9
gauss,16,16,8,1.038040e+02,9.886092e-01,V2,adv_1e9
tanh_sinh,16,16,8,1.600000e+01,1.000000e+00,V1,adv_1e9
tanh_sinh,16,16,8,1.050000e+02,1.000000e+00,V2,adv_1e9
gauss,16,16,16,1.892908e+01,1.183067e+00,V1,adv_1e9
gauss,16,16,16,1.242221e+02,1.183067e+00,V2,adv_1e9
tanh_sinh,16,16,16,6.547734e+01,4.092334e+00,V1,adv_1e9
tanh_sinh,16,16,16,4.296950e+02,4.092334e+00,V2,adv_1e9
gauss,16,16,32,4.449631e+00,2.781019e-01,V1,adv_1e9
gauss,16,16,32,2.920070e+01,2.781019e-01,V2,adv_1e9
tanh_sinh,16,16,32,4.292248e+00,2.682655e-01,V1,adv_1e9
tanh_sinh,16,16,32,2.816787e+01,2.682655e-01,V2,adv_1e9
gauss,16,16,64,1.484526e-01,9.278288e-03,V1,adv_1e9
gauss,16,16,64,9.742202e-01,9.278288e-03,V2,adv_1e9
tanh_sinh,16,16,64,3.409872e+00,2.131170e-01,V1,adv_1e9
tanh_sinh,16,16,64,2.237728e+01,2.131170e-01,V2,adv_1e9
gauss,16,16,128,7.457838e-04,4.661149e-05,V1,adv_1e9
gauss,16,16,128,4.894206e-03,4.661149e-05,V2,adv_1e9
tanh_sinh,16,16,128,3.852154e-01,2.407596e-02,V1,adv_1e9
tanh_sinh,16,16,128,2.527976e+00,2.407596e-02,V2,adv_1e9
gauss,16,16,256,2.461249e-09,1.538281e-10,V1,adv_1e9
gauss,16,16,256,1.615169e-08,1.538256e-10,V2,adv_1e9
tanh_sinh,16,16,256,1.044488e-04,6.528051e-06,V1,adv_1e9
tanh_sinh,16,16,256,6.854453e-04,6.528050e-06,V2,adv_1e9
gauss,16,16,512,7.794654e-12,4.871659e-13,V1,adv_1e9
gauss,16,16,512,5.140066e-11,4.895301e-13,V2,adv_1e9
tanh_sinh,16,16,512,9.424509e-07,5.890318e-08,V1,adv_1e9
tanh_sinh,16,16,512,6.184834e-06,5.890318e-08,V2,adv_1e9
gauss,16,16,1024,8.482104e-12,5.301315e-13,V1,adv_1e9
gauss,16,16,1024,5.589129e-11,5.322980e-13,V2,adv_1e9
tanh_sinh,16,16,1024,1.323836e-06,8.273973e-08,V1,adv_1e9
tanh_sinh,16,16,1024,8.687672e-06,8.273974e-08,V2,adv_1e9
gauss,18,18,4,1.800000e+01,1.000000e+00,V1,adv_1e9
gauss,18,18,4,1.360000e+02,1.000000e+00,V2,adv_1e9
tanh_sinh,18,18,4,1.800000e+01,1.000000e+00,V1,adv_1e9
tanh_sinh,18,18,4,1.360000e+02,1.000000e+00,V2,adv_1e9
gauss,18,18,8,1.779497e+01,9.886092e-01,V1,adv_1e9
gauss,18,18,8,1.344509e+02,9.886092e-01,V2,adv_1e9
tanh_sinh,18,18,8,1.800000e+01,1.000000e+00,V1,adv_1e9
tanh_sinh,18,18,8,1.360000e+02,1.000000e+00,V2,adv_1e9
gauss,18,18,16,2.129521e+01,1.183067e+00,V1,adv_1e9
gauss,18,18,16,1.608972e+02,1.183067e+00,V2,adv_1e9
tanh_sinh,18,18,16,7.366200e+01,4.092334e+00,V1,adv_1e9
tanh_sinh,18,18,16,5.565574e+02,4.092334e+00,V2,adv_1e9
gauss,18,18,32,5.005834e+00,2.781019e-01,V1,adv_1e9
gauss,18,18,32,3.782186e+01,2.781019e-01,V2,adv_1e9
tanh_sinh,18,18,32,4.828779e+00,2.682655e-01,V1,adv_1e9
tanh_sinh,18,18,32,3.648410e+01,2.682655e-01,V2,adv_1e9
gauss,18,18,64,1.670092e-01,9.278288e-03,V1,adv_1e9
gauss,18,18,64,1.261847e+00,9.278288e-03,V2,adv_1e9
tanh_sinh,18,18,64,3.836106e+00,2.131170e-01,V1,adv_1e9
tanh_sinh,18,18,64,2.898391e+01,2.131170e-01,V2,adv_1e9
gauss,18,18,128,8.390067e-04,4.661149e-05,V1,adv_1e9
gauss,18,18,128,6.339162e-03,4.661149e-05,V2,adv_1e9
tanh_sinh,18,18,128,4.333673e-01,2.407596e-02,V1,adv_1e9
tanh_sinh,18,18,128,3.274330e+00,2.407596e-02,V2,adv_1e9
gauss,18,18,256,2.768900e-09,1.538278e-10,V1,adv_1e9
gauss,18,18,256,2.092023e-08,1.538252e-10,V2,adv_1e9
tanh_sinh,18,18,256,1.175049e-04,6.528051e-06,V1,adv_1e9
tanh_sinh,18,18,256,8.878149e-04,6.528050e-06,V2,adv_1e9
gauss,18,18,512,8.760992e-12,4.867218e-13,V1,adv_1e9
gauss,18,18,512,6.664891e-11,4.900655e-13,V2,adv_1e9
tanh_sinh,18,18,512,1.060257e-06,5.890318e-08,V1,adv_1e9
tanh_sinh,18,18,512,8.010833e-06,5.890318e-08,V2,adv_1e9
gauss,18,18,1024,9.524825e-12,5.291570e-13,V1,adv_1e9
gauss,18,18,1024,7.250378e-11,5.331160e-13,V2,adv_1e9
tanh_sinh,18,18,1024,1.489315e-06,8.273973e-08,V1,adv_1e9
tanh_sinh,18,18,1024,1.125260e-05,8.273974e-08,V2,adv_1e9
gauss,20,20,4,2.000000e+01,1.000000e+00,V1,adv_1e9
gauss,20,20,4,1.710000e+02,1.000000e+00,V2,adv_1e9
tanh_sinh,20,20,4,2.000000e+01,1.000000e+00,V1,adv_1e9
tanh_sinh,20,20,4,1.710000e+02,1.000000e+00,V2,adv_1e9
gauss,20,20,8,1.977218e+01,9.886092e-01,V1,adv_1e9
gauss,20,20,8,1.690522e+02,9.886092e-01,V2,adv_1e9
tanh_sinh,20,20,8,2.000000e+01,1.000000e+00,V1,adv_1e9
tanh_sinh,20,20,8,1.710000e+02,1.000000e+00,V2,adv_1e9
gauss,20,20,16,2.366135e+01,1.183067e+00,V1,adv_1e9
gauss,20,20,16,2.023045e+02,1.183067e+00,V2,adv_1e9
tanh_sinh,20,20,16,8.184667e+01,4.092334e+00,V1,adv_1e9
tanh_sinh,20,20,16,6.997890e+02,4.092334e+00,V2,adv_1e9
gauss,20,20,32,5.562038e+00,2.781019e-01,V1,adv_1e9
gauss,20,20,32,4.755543e+01,2.781019e-01,V2,adv_1e9
tanh_sinh,20,20,32,5.365309e+00,2.682655e-01,V1,adv_1e9
tanh_sinh,20,20,32,4.587340e+01,2.682655e-01,V2,adv_1e9
gauss,20,20,64,1.855658e-01,9.278288e-03,V1,adv_1e9
gauss,20,20,64,1.586587e+00,9.278288e-03,V2,adv_1e9
tanh_sinh,20,20,64,4.262340e+00,2.131170e-01,V1,adv_1e9
tanh_sinh,20,20,64,3.644301e+01,2.131170e-01,V2,adv_1e9
gauss,20,20,128,9.322297e-04,4.661149e-05,V1,adv_1e9
gauss,20,20,128,7.970564e-03,4.661149e-05,V2,adv_1e9
tanh_sinh,20,20,128,4.815192e-01,2.407596e-02,V1,adv_1e9
tanh_sinh,20,20,128,4.116989e+00,2.407596e-02,V2,adv_1e9
gauss,20,20,256,3.076561e-09,1.538281e-10,V1,adv_1e9
gauss,20,20,256,2.630443e-08,1.538271e-10,V2,adv_1e9
tanh_sinh,20,20,256,1.305610e-04,6.528051e-06,V1,adv_1e9
tanh_sinh,20,20,256,1.116297e-03,6.528050e-06,V2,adv_1e9
gauss,20,20,512,9.755752e-12,4.877876e-13,V1,adv_1e9
gauss,20,20,512,8.350298e-11,4.883215e-13,V2,adv_1e9
tanh_sinh,20,20,512,1.178064e-06,5.890318e-08,V1,adv_1e9
tanh_sinh,20,20,512,1.007244e-05,5.890318e-08,V2,adv_1e9
gauss,20,20,1024,1.060840e-11,5.304202e-13,V1,adv_1e9
gauss,20,20,1024,9.089263e-11,5.315358e-13,V2,adv_1e9
tanh_sinh,20,20,1024,1.654795e-06,8.273973e-08,V1,adv_1e9
tanh_sinh,20,20,1024,1.414849e-05,8.273973e-08,V2,adv_1e9
